CUSTOMER,container_id,days
ALBATRANS LONDON (UK) LTD,FCIU6449679,1
NISSAN MOTOR MANUFACTURING UK,MRKU2659428,1
NISSAN MOTOR MANUFACTURING UK,MRKU2559814,1
NISSAN MOTOR MANUFACTURING UK,MRKU2532670,1
NISSAN MOTOR MANUFACTURING UK,MRKU2530488,1
NISSAN MOTOR MANUFACTURING UK,MRKU2514872,1
NISSAN MOTOR MANUFACTURING UK,MRKU2492460,1
NISSAN MOTOR MANUFACTURING UK,MRKU2454536,1
NISSAN MOTOR MANUFACTURING UK,MRKU2440487,1
NISSAN MOTOR MANUFACTURING UK,MRKU2396738,1
NISSAN MOTOR MANUFACTURING UK,MRKU2395794,1
NISSAN MOTOR MANUFACTURING UK,MRKU2379746,1
NISSAN MOTOR MANUFACTURING UK,MRKU2341000,1
NISSAN MOTOR MANUFACTURING UK,MRKU2280542,1
NISSAN MOTOR MANUFACTURING UK,MRKU2674166,1
NISSAN MOTOR MANUFACTURING UK,MRKU2277940,1
NISSAN MOTOR MANUFACTURING UK,MRKU2116966,1
NISSAN MOTOR MANUFACTURING UK,MRKU1056190,1
NISSAN MOTOR MANUFACTURING UK,MRKU0864315,1
NISSAN MOTOR MANUFACTURING UK,MRKU0716724,1
NISSAN MOTOR MANUFACTURING UK,MOTU0634397,1
NISSAN MOTOR MANUFACTURING UK,MNBU9076700,1
NISSAN MOTOR MANUFACTURING UK,MNBU9008259,1
NISSAN MOTOR MANUFACTURING UK,MNBU4150682,1
NISSAN MOTOR MANUFACTURING UK,MNBU4132400,1
NISSAN MOTOR MANUFACTURING UK,MNBU4107921,1
NISSAN MOTOR MANUFACTURING UK,MNBU3999309,1
NISSAN MOTOR MANUFACTURING UK,MNBU3963760,1
NISSAN MOTOR MANUFACTURING UK,MNBU3851013,1
NISSAN MOTOR MANUFACTURING UK,MRKU2202998,1
NISSAN MOTOR MANUFACTURING UK,MRKU2780980,1
NISSAN MOTOR MANUFACTURING UK,MRKU2794855,1
NISSAN MOTOR MANUFACTURING UK,MRKU2858245,1
NISSAN MOTOR MANUFACTURING UK,MRKU3842752,1
NISSAN MOTOR MANUFACTURING UK,MRKU3830330,1
NISSAN MOTOR MANUFACTURING UK,MRKU3729330,1
NISSAN MOTOR MANUFACTURING UK,MRKU3726407,1
NISSAN MOTOR MANUFACTURING UK,MRKU3578676,1
NISSAN MOTOR MANUFACTURING UK,MRKU3575208,1
NISSAN MOTOR MANUFACTURING UK,MRKU3574048,1
NISSAN MOTOR MANUFACTURING UK,MRKU3475174,1
NISSAN MOTOR MANUFACTURING UK,MRKU3470676,1
NISSAN MOTOR MANUFACTURING UK,MRKU3458520,1
NISSAN MOTOR MANUFACTURING UK,MRKU3451526,1
NISSAN MOTOR MANUFACTURING UK,MRKU3443069,1
NISSAN MOTOR MANUFACTURING UK,MRKU3409357,1
NISSAN MOTOR MANUFACTURING UK,MRKU3350428,1
NISSAN MOTOR MANUFACTURING UK,MRKU3330458,1
NISSAN MOTOR MANUFACTURING UK,MRKU3329035,1
NISSAN MOTOR MANUFACTURING UK,MRKU3309640,1
NISSAN MOTOR MANUFACTURING UK,MRKU3294509,1
NISSAN MOTOR MANUFACTURING UK,MRKU3138698,1
NISSAN MOTOR MANUFACTURING UK,MRKU3137114,1
NISSAN MOTOR MANUFACTURING UK,MRKU3130022,1
NISSAN MOTOR MANUFACTURING UK,MRKU3128961,1
NISSAN MOTOR MANUFACTURING UK,MRKU3088724,1
NISSAN MOTOR MANUFACTURING UK,MRKU3070453,1
NISSAN MOTOR MANUFACTURING UK,MRKU2965921,1
NISSAN MOTOR MANUFACTURING UK,MRKU2965855,1
NISSAN MOTOR MANUFACTURING UK,MRKU2952518,1
NISSAN MOTOR MANUFACTURING UK,MRKU2919870,1
NISSAN MOTOR MANUFACTURING UK,MRKU2880130,1
NISSAN MOTOR MANUFACTURING UK,MNBU3785035,1
NISSAN MOTOR MANUFACTURING UK,MRKU3856946,1
NISSAN MOTOR MANUFACTURING UK,MNBU3711618,1
NISSAN MOTOR MANUFACTURING UK,MNBU3458109,1
NISSAN MOTOR MANUFACTURING UK,INKU6356074,1
NISSAN MOTOR MANUFACTURING UK,INKU2553650,1
NISSAN MOTOR MANUFACTURING UK,INKU2227612,1
NISSAN MOTOR MANUFACTURING UK,ICOU6087114,1
NISSAN MOTOR MANUFACTURING UK,HLXU8762771,1
NISSAN MOTOR MANUFACTURING UK,HLXU8735821,1
NISSAN MOTOR MANUFACTURING UK,HLXU8726331,1
NISSAN MOTOR MANUFACTURING UK,HLXU8635400,1
NISSAN MOTOR MANUFACTURING UK,HLXU8315182,1
NISSAN MOTOR MANUFACTURING UK,HLXU8066639,1
NISSAN MOTOR MANUFACTURING UK,HLXU1417351,1
NISSAN MOTOR MANUFACTURING UK,HLBU9529181,1
NISSAN MOTOR MANUFACTURING UK,HLBU9496431,1
NISSAN MOTOR MANUFACTURING UK,KKFU7543899,1
NISSAN MOTOR MANUFACTURING UK,HLBU9491888,1
NISSAN MOTOR MANUFACTURING UK,HLBU9281372,1
NISSAN MOTOR MANUFACTURING UK,HLBU9211009,1
NISSAN MOTOR MANUFACTURING UK,HLBU9206471,1
NISSAN MOTOR MANUFACTURING UK,HLBU9169336,1
NISSAN MOTOR MANUFACTURING UK,HLBU9147419,1
NISSAN MOTOR MANUFACTURING UK,HLBU2115560,1
NISSAN MOTOR MANUFACTURING UK,HLBU1988651,1
NISSAN MOTOR MANUFACTURING UK,HLBU1088747,1
NISSAN MOTOR MANUFACTURING UK,HASU5209535,1
NISSAN MOTOR MANUFACTURING UK,HASU5190656,1
NISSAN MOTOR MANUFACTURING UK,HASU5174320,1
NISSAN MOTOR MANUFACTURING UK,HASU5142874,1
NISSAN MOTOR MANUFACTURING UK,HASU5141986,1
NISSAN MOTOR MANUFACTURING UK,HLBU9414069,1
NISSAN MOTOR MANUFACTURING UK,KKFU7550809,1
NISSAN MOTOR MANUFACTURING UK,KKFU7574098,1
NISSAN MOTOR MANUFACTURING UK,KKFU7645910,1
NISSAN MOTOR MANUFACTURING UK,MNBU3396964,1
NISSAN MOTOR MANUFACTURING UK,MNBU3244642,1
NISSAN MOTOR MANUFACTURING UK,MNBU3167680,1
NISSAN MOTOR MANUFACTURING UK,MNBU3143210,1
NISSAN MOTOR MANUFACTURING UK,MNBU3077904,1
NISSAN MOTOR MANUFACTURING UK,MNBU0583489,1
NISSAN MOTOR MANUFACTURING UK,MNBU0583365,1
NISSAN MOTOR MANUFACTURING UK,MNBU0483469,1
NISSAN MOTOR MANUFACTURING UK,MNBU0423388,1
NISSAN MOTOR MANUFACTURING UK,MNBU0394905,1
NISSAN MOTOR MANUFACTURING UK,MNBU0387470,1
NISSAN MOTOR MANUFACTURING UK,MNBU0350234,1
NISSAN MOTOR MANUFACTURING UK,MNBU0344381,1
NISSAN MOTOR MANUFACTURING UK,MNBU0285740,1
NISSAN MOTOR MANUFACTURING UK,MNBU0171795,1
NISSAN MOTOR MANUFACTURING UK,MNBU0171753,1
NISSAN MOTOR MANUFACTURING UK,MNBU0089429,1
NISSAN MOTOR MANUFACTURING UK,MIEU3069750,1
NISSAN MOTOR MANUFACTURING UK,MIEU2007857,1
NISSAN MOTOR MANUFACTURING UK,KKTU8166346,1
NISSAN MOTOR MANUFACTURING UK,KKFU8160446,1
NISSAN MOTOR MANUFACTURING UK,KKFU8140305,1
NISSAN MOTOR MANUFACTURING UK,KKFU8046109,1
NISSAN MOTOR MANUFACTURING UK,KKFU7991044,1
NISSAN MOTOR MANUFACTURING UK,KKFU7862896,1
NISSAN MOTOR MANUFACTURING UK,KKFU7857380,1
NISSAN MOTOR MANUFACTURING UK,KKFU7831262,1
NISSAN MOTOR MANUFACTURING UK,KKFU7784303,1
NISSAN MOTOR MANUFACTURING UK,KKFU7652610,1
NISSAN MOTOR MANUFACTURING UK,MNBU3629367,1
NISSAN MOTOR MANUFACTURING UK,MRKU3884505,1
NISSAN MOTOR MANUFACTURING UK,MRKU3904577,1
NISSAN MOTOR MANUFACTURING UK,MRKU3921677,1
NISSAN MOTOR MANUFACTURING UK,MRSU3674100,1
NISSAN MOTOR MANUFACTURING UK,MRSU3569321,1
NISSAN MOTOR MANUFACTURING UK,MRSU3564037,1
NISSAN MOTOR MANUFACTURING UK,MRSU3529144,1
NISSAN MOTOR MANUFACTURING UK,MRSU3505440,1
NISSAN MOTOR MANUFACTURING UK,MRSU3465179,1
NISSAN MOTOR MANUFACTURING UK,MRSU3453692,1
NISSAN MOTOR MANUFACTURING UK,MRSU3371423,1
NISSAN MOTOR MANUFACTURING UK,MRSU3349008,1
NISSAN MOTOR MANUFACTURING UK,MRSU3200903,1
NISSAN MOTOR MANUFACTURING UK,MRSU3190744,1
NISSAN MOTOR MANUFACTURING UK,MRSU3104685,1
NISSAN MOTOR MANUFACTURING UK,MRSU3102445,1
NISSAN MOTOR MANUFACTURING UK,MRSU3713001,1
NISSAN MOTOR MANUFACTURING UK,MRSU3055868,1
NISSAN MOTOR MANUFACTURING UK,MRKU9531510,1
NISSAN MOTOR MANUFACTURING UK,MRKU9470945,1
NISSAN MOTOR MANUFACTURING UK,MRKU8490649,1
NISSAN MOTOR MANUFACTURING UK,MRKU8393628,1
NISSAN MOTOR MANUFACTURING UK,MRKU8371911,1
NISSAN MOTOR MANUFACTURING UK,MRKU7710625,1
NISSAN MOTOR MANUFACTURING UK,MRKU7704793,1
NISSAN MOTOR MANUFACTURING UK,MRKU7010283,1
NISSAN MOTOR MANUFACTURING UK,MRKU6871179,1
NISSAN MOTOR MANUFACTURING UK,MRKU6632929,1
NISSAN MOTOR MANUFACTURING UK,MRKU6430790,1
NISSAN MOTOR MANUFACTURING UK,MRKU6400923,1
NISSAN MOTOR MANUFACTURING UK,MRKU6391009,1
NISSAN MOTOR MANUFACTURING UK,MRKU9620053,1
NISSAN MOTOR MANUFACTURING UK,MRSU3780186,1
NISSAN MOTOR MANUFACTURING UK,MRSU3855731,1
NISSAN MOTOR MANUFACTURING UK,MRSU3865426,1
NISSAN MOTOR MANUFACTURING UK,MRSU4569218,1
NISSAN MOTOR MANUFACTURING UK,MRSU4551158,1
NISSAN MOTOR MANUFACTURING UK,MRSU4550742,1
NISSAN MOTOR MANUFACTURING UK,MRSU4550104,1
NISSAN MOTOR MANUFACTURING UK,MRSU4327934,1
NISSAN MOTOR MANUFACTURING UK,MRSU4326706,1
NISSAN MOTOR MANUFACTURING UK,MRSU4326692,1
NISSAN MOTOR MANUFACTURING UK,MRSU4323461,1
NISSAN MOTOR MANUFACTURING UK,MRSU4306253,1
NISSAN MOTOR MANUFACTURING UK,MRSU4300785,1
NISSAN MOTOR MANUFACTURING UK,MRSU4300722,1
NISSAN MOTOR MANUFACTURING UK,MRSU4300677,1
NISSAN MOTOR MANUFACTURING UK,MRSU4300656,1
NISSAN MOTOR MANUFACTURING UK,MRSU4299555,1
NISSAN MOTOR MANUFACTURING UK,MRSU4299468,1
NISSAN MOTOR MANUFACTURING UK,MRSU4299410,1
NISSAN MOTOR MANUFACTURING UK,MRSU4299386,1
NISSAN MOTOR MANUFACTURING UK,MRSU4298712,1
NISSAN MOTOR MANUFACTURING UK,MRSU4298604,1
NISSAN MOTOR MANUFACTURING UK,MRSU4293259,1
NISSAN MOTOR MANUFACTURING UK,MRSU4153880,1
NISSAN MOTOR MANUFACTURING UK,MRSU4153874,1
NISSAN MOTOR MANUFACTURING UK,MRSU4139726,1
NISSAN MOTOR MANUFACTURING UK,MRSU4063533,1
NISSAN MOTOR MANUFACTURING UK,MRSU4053807,1
NISSAN MOTOR MANUFACTURING UK,MRSU3964115,1
NISSAN MOTOR MANUFACTURING UK,MRSU3955129,1
NISSAN MOTOR MANUFACTURING UK,MRSU3954267,1
NISSAN MOTOR MANUFACTURING UK,MRSU3947057,1
NISSAN MOTOR MANUFACTURING UK,MRKU6332480,1
NISSAN MOTOR MANUFACTURING UK,MRKU6331329,1
NISSAN MOTOR MANUFACTURING UK,MRKU6262486,1
NISSAN MOTOR MANUFACTURING UK,MRKU6166477,1
NISSAN MOTOR MANUFACTURING UK,MRKU4757188,1
NISSAN MOTOR MANUFACTURING UK,MRKU4750645,1
NISSAN MOTOR MANUFACTURING UK,MRKU4736800,1
NISSAN MOTOR MANUFACTURING UK,MRKU4700330,1
NISSAN MOTOR MANUFACTURING UK,MRKU4631116,1
NISSAN MOTOR MANUFACTURING UK,MRKU4612081,1
NISSAN MOTOR MANUFACTURING UK,MRKU4603074,1
NISSAN MOTOR MANUFACTURING UK,MRKU4601744,1
NISSAN MOTOR MANUFACTURING UK,MRKU4593850,1
NISSAN MOTOR MANUFACTURING UK,MRKU4592534,1
NISSAN MOTOR MANUFACTURING UK,MRKU4558930,1
NISSAN MOTOR MANUFACTURING UK,MRKU4444521,1
NISSAN MOTOR MANUFACTURING UK,MRKU4428243,1
NISSAN MOTOR MANUFACTURING UK,MRKU4427186,1
NISSAN MOTOR MANUFACTURING UK,MRKU4404447,1
NISSAN MOTOR MANUFACTURING UK,MRKU4380767,1
NISSAN MOTOR MANUFACTURING UK,MRKU4352662,1
NISSAN MOTOR MANUFACTURING UK,MRKU4277954,1
NISSAN MOTOR MANUFACTURING UK,MRKU4194124,1
NISSAN MOTOR MANUFACTURING UK,MRKU4171520,1
NISSAN MOTOR MANUFACTURING UK,MRKU4145686,1
NISSAN MOTOR MANUFACTURING UK,MRKU4123861,1
NISSAN MOTOR MANUFACTURING UK,MRKU4118850,1
NISSAN MOTOR MANUFACTURING UK,MRKU4082211,1
NISSAN MOTOR MANUFACTURING UK,MRKU4061029,1
NISSAN MOTOR MANUFACTURING UK,MRKU4008467,1
NISSAN MOTOR MANUFACTURING UK,MRKU4004250,1
NISSAN MOTOR MANUFACTURING UK,MRKU3976047,1
NISSAN MOTOR MANUFACTURING UK,MRKU3936358,1
NISSAN MOTOR MANUFACTURING UK,MRKU4759215,1
NISSAN MOTOR MANUFACTURING UK,HASU5115673,1
NISSAN MOTOR MANUFACTURING UK,MRKU4768330,1
NISSAN MOTOR MANUFACTURING UK,MRKU4828403,1
NISSAN MOTOR MANUFACTURING UK,MRKU6137099,1
NISSAN MOTOR MANUFACTURING UK,MRKU6083161,1
NISSAN MOTOR MANUFACTURING UK,MRKU6053887,1
NISSAN MOTOR MANUFACTURING UK,MRKU6004162,1
NISSAN MOTOR MANUFACTURING UK,MRKU5990656,1
NISSAN MOTOR MANUFACTURING UK,MRKU5987483,1
NISSAN MOTOR MANUFACTURING UK,MRKU5902608,1
NISSAN MOTOR MANUFACTURING UK,MRKU5862085,1
NISSAN MOTOR MANUFACTURING UK,MRKU5839547,1
NISSAN MOTOR MANUFACTURING UK,MRKU5811180,1
NISSAN MOTOR MANUFACTURING UK,MRKU5805249,1
NISSAN MOTOR MANUFACTURING UK,MRKU5802189,1
NISSAN MOTOR MANUFACTURING UK,MRKU5733719,1
NISSAN MOTOR MANUFACTURING UK,MRKU5708634,1
NISSAN MOTOR MANUFACTURING UK,MRKU5658533,1
NISSAN MOTOR MANUFACTURING UK,MRKU5585041,1
NISSAN MOTOR MANUFACTURING UK,MRKU5575275,1
NISSAN MOTOR MANUFACTURING UK,MRKU5505046,1
NISSAN MOTOR MANUFACTURING UK,MRKU5476293,1
NISSAN MOTOR MANUFACTURING UK,MRKU5439664,1
NISSAN MOTOR MANUFACTURING UK,MRKU5403430,1
NISSAN MOTOR MANUFACTURING UK,MRKU5400852,1
NISSAN MOTOR MANUFACTURING UK,MRKU5316567,1
NISSAN MOTOR MANUFACTURING UK,MRKU5282805,1
NISSAN MOTOR MANUFACTURING UK,MRKU5211421,1
NISSAN MOTOR MANUFACTURING UK,MRKU5149644,1
NISSAN MOTOR MANUFACTURING UK,MRKU5022881,1
NISSAN MOTOR MANUFACTURING UK,MRKU4895227,1
NISSAN MOTOR MANUFACTURING UK,MRKU4866050,1
NISSAN MOTOR MANUFACTURING UK,MRKU4822811,1
NISSAN MOTOR MANUFACTURING UK,MRSU5305170,1
NISSAN MOTOR MANUFACTURING UK,HASU5109618,1
NISSAN MOTOR MANUFACTURING UK,HASU5007540,1
NIPPON EXPRESS (UK) LIMITED,TCLU5343850,1
NIPPON EXPRESS (UK) LIMITED,TCLU3390554,1
NIPPON EXPRESS (UK) LIMITED,TCLU3036319,1
NIPPON EXPRESS (UK) LIMITED,TCKU4393798,1
NIPPON EXPRESS (UK) LIMITED,TCKU4205165,1
NIPPON EXPRESS (UK) LIMITED,TCKU3171625,1
NIPPON EXPRESS (UK) LIMITED,SEGU5526661,1
NIPPON EXPRESS (UK) LIMITED,NYKU8269464,1
NIPPON EXPRESS (UK) LIMITED,NYKU0774412,1
NIPPON EXPRESS (UK) LIMITED,MOAU0674428,1
NIPPON EXPRESS (UK) LIMITED,KKTU7777248,1
NIPPON EXPRESS (UK) LIMITED,FSCU8614405,1
NIPPON EXPRESS (UK) LIMITED,FSCU4956837,1
NIPPON EXPRESS (UK) LIMITED,TEMU0017267,1
NIPPON EXPRESS (UK) LIMITED,FCIU3133100,1
NIPPON EXPRESS (UK) LIMITED,CSNU7205580,1
NIPPON EXPRESS (UK) LIMITED,CSNU6066767,1
NIPPON EXPRESS (UK) LIMITED,CMAU9087520,1
NIPPON EXPRESS (UK) LIMITED,CMAU8291951,1
MEWS LTD,TCNU9367306,1
MAERSK BATTERY PLANT,UETU5926465,1
MAERSK BATTERY PLANT,TRLU7656003,1
MAERSK BATTERY PLANT,TLLU5051054,1
MAERSK BATTERY PLANT,TGBU9249514,1
MAERSK BATTERY PLANT,TCNU8167469,1
MAERSK BATTERY PLANT,TCKU7497522,1
MAERSK BATTERY PLANT,SUDU5901839,1
MAERSK BATTERY PLANT,MSKU8230685,1
NIPPON EXPRESS (UK) LIMITED,ECMU4364327,1
NIPPON EXPRESS (UK) LIMITED,TGBU4403571,1
NIPPON EXPRESS (UK) LIMITED,TGHU9135724,1
NIPPON EXPRESS (UK) LIMITED,TLLU6163927,1
NISSAN MOTOR MANUFACTURING UK,BEAU5474674,1
NISSAN MOTOR MANUFACTURING UK,BEAU5448952,1
NISSAN MOTOR MANUFACTURING UK,BEAU5380620,1
NISSAN MOTOR MANUFACTURING UK,BEAU5353306,1
NISSAN MOTOR MANUFACTURING UK,BEAU5235005,1
NISSAN MOTOR MANUFACTURING UK,BEAU5233466,1
NISSAN MOTOR MANUFACTURING UK,BEAU4419230,1
NISSAN MOTOR MANUFACTURING UK,BEAU4415851,1
NISSAN MOTOR MANUFACTURING UK,BEAU2591147,1
NISSAN MOTOR MANUFACTURING UK,BEAU2154466,1
NISSAN MOTOR MANUFACTURING UK,APZU3812096,1
NISSAN MOTOR MANUFACTURING UK,APZU3796101,1
NISSAN MOTOR MANUFACTURING UK,APZU3437436,1
NISSAN MOTOR MANUFACTURING UK,APMU8067061,1
NISSAN MOTOR MANUFACTURING UK,AMFU8766911,1
NISSAN MOTOR MANUFACTURING,SUDU6193565,1
NISSAN MOTOR MANUFACTURING,MNBU9076700,1
NISSAN MOTOR MANUFACTURING,MNBU4150682,1
NISSAN MOTOR MANUFACTURING,MNBU3999309,1
NISSAN MOTOR MANUFACTURING,MNBU0583489,1
NISSAN MOTOR MANUFACTURING,MNBU0350234,1
NIPPON EXPRESS (UK) LIMITED,UETU5839946,1
NIPPON EXPRESS (UK) LIMITED,TTNU5685718,1
NIPPON EXPRESS (UK) LIMITED,TTNU5080239,1
NIPPON EXPRESS (UK) LIMITED,TRLU9714808,1
NIPPON EXPRESS (UK) LIMITED,TRLU9682383,1
NIPPON EXPRESS (UK) LIMITED,TRLU8650571,1
NIPPON EXPRESS (UK) LIMITED,TRLU4884313,1
NIPPON EXPRESS (UK) LIMITED,TRHU2532742,1
MAERSK BATTERY PLANT,MSKU5928815,1
NISSAN MOTOR MANUFACTURING UK,BEAU5683083,1
MAERSK BATTERY PLANT,MSKU1346251,1
MAERSK BATTERY PLANT,MRKU6380977,1
MAERSK A/S,TCKU1115263,1
MAERSK A/S,SUDU7669358,1
MAERSK A/S,SUDU7572692,1
MAERSK A/S,SUDU1735283,1
MAERSK A/S,PONU8186324,1
MAERSK A/S,MSKU8920438,1
MAERSK A/S,MSKU7999778,1
MAERSK A/S,MSKU7927994,1
MAERSK A/S,MSKU7898854,1
MAERSK A/S,MSKU7898113,1
MAERSK A/S,MSKU7766061,1
MAERSK A/S,MSKU7751354,1
MAERSK A/S,MSKU6408628,1
MAERSK A/S,TCKU1346452,1
MAERSK A/S,MSKU6068298,1
MAERSK A/S,MSKU5571923,1
MAERSK A/S,MSKU5285508,1
MAERSK A/S,MSKU5071954,1
MAERSK A/S,MSKU4038186,1
MAERSK A/S,MSKU3997191,1
MAERSK A/S,MSKU2943020,1
MAERSK A/S,MSKU2902231,1
MAERSK A/S,MSKU2050834,1
MAERSK A/S,MSKU0019423,1
MAERSK A/S,MRSU4276020,1
MAERSK A/S,MRKU9836090,1
MAERSK A/S,MRKU9657915,1
MAERSK A/S,MRKU9570158,1
MAERSK A/S,MSKU5701098,1
MAERSK A/S,TCKU3208175,1
MAERSK A/S,TCKU7127404,1
MAERSK A/S,TCKU7847683,1
MAERSK BATTERY PLANT,MRKU6263899,1
MAERSK BATTERY PLANT,MRKU5249936,1
MAERSK BATTERY PLANT,MRKU5219870,1
MAERSK BATTERY PLANT,MRKU4626784,1
MAERSK BATTERY PLANT,MRKU3729330,1
MAERSK BATTERY PLANT,MRKU3699220,1
MAERSK BATTERY PLANT,MRKU3434920,1
MAERSK BATTERY PLANT,MNBU9128850,1
MAERSK BATTERY PLANT,MNBU4184173,1
MAERSK BATTERY PLANT,MNBU4131065,1
MAERSK BATTERY PLANT,MNBU3968329,1
MAERSK BATTERY PLANT,MNBU3719239,1
MAERSK BATTERY PLANT,MNBU3593032,1
MAERSK BATTERY PLANT,MNBU3112625,1
MAERSK BATTERY PLANT,MNBU0382632,1
MAERSK BATTERY PLANT,MNBU0087030,1
MAERSK BATTERY PLANT,HASU4671045,1
MAERSK BATTERY PLANT,CAAU5646950,1
MAERSK BATTERY PLANT,CAAU5382076,1
MAERSK BATTERY PLANT,BMOU2444475,1
MAERSK A/S,TTNU1262195,1
MAERSK A/S,TRHU3183898,1
MAERSK A/S,TRHU2833849,1
MAERSK A/S,TGHU1608245,1
MAERSK A/S,TEMU2040435,1
MAERSK A/S,TCNU1705752,1
MAERSK A/S,TCLU6179709,1
MAERSK A/S,TCLU5757715,1
MAERSK A/S,TCLU3789734,1
MAERSK BATTERY PLANT,MRKU6499478,1
NISSAN MOTOR MANUFACTURING UK,BEAU5685569,1
NISSAN MOTOR MANUFACTURING UK,BEAU5735850,1
NISSAN MOTOR MANUFACTURING UK,BEAU5745647,1
NISSAN MOTOR MANUFACTURING UK,GESU5650019,1
NISSAN MOTOR MANUFACTURING UK,GESU4914903,1
NISSAN MOTOR MANUFACTURING UK,GESU3609309,1
NISSAN MOTOR MANUFACTURING UK,GESU1145580,1
NISSAN MOTOR MANUFACTURING UK,GCXU5769393,1
NISSAN MOTOR MANUFACTURING UK,GCXU5761387,1
NISSAN MOTOR MANUFACTURING UK,GCXU5669326,1
NISSAN MOTOR MANUFACTURING UK,GCXU5547349,1
NISSAN MOTOR MANUFACTURING UK,GCXU5393937,1
NISSAN MOTOR MANUFACTURING UK,GCXU5255347,1
NISSAN MOTOR MANUFACTURING UK,GCXU5247676,1
NISSAN MOTOR MANUFACTURING UK,GCXU5236645,1
NISSAN MOTOR MANUFACTURING UK,GCXU5216926,1
NISSAN MOTOR MANUFACTURING UK,GESU6002601,1
NISSAN MOTOR MANUFACTURING UK,GATU0145868,1
NISSAN MOTOR MANUFACTURING UK,FTAU1318526,1
NISSAN MOTOR MANUFACTURING UK,FSCU9446137,1
NISSAN MOTOR MANUFACTURING UK,FSCU8655657,1
NISSAN MOTOR MANUFACTURING UK,FSCU8632395,1
NISSAN MOTOR MANUFACTURING UK,FSCU8616347,1
NISSAN MOTOR MANUFACTURING UK,FSCU8614302,1
NISSAN MOTOR MANUFACTURING UK,FSCU8317752,1
NISSAN MOTOR MANUFACTURING UK,FSCU5717781,1
NISSAN MOTOR MANUFACTURING UK,FFAU1843553,1
NISSAN MOTOR MANUFACTURING UK,FFAU1822437,1
NISSAN MOTOR MANUFACTURING UK,FFAU1487576,1
NISSAN MOTOR MANUFACTURING UK,FFAU1463656,1
NISSAN MOTOR MANUFACTURING UK,FFAU1439114,1
NISSAN MOTOR MANUFACTURING UK,GAOU6590158,1
NISSAN MOTOR MANUFACTURING UK,GESU6227573,1
NISSAN MOTOR MANUFACTURING UK,GLDU5333664,1
NISSAN MOTOR MANUFACTURING UK,GLDU5707126,1
NISSAN MOTOR MANUFACTURING UK,HASU5004561,1
NISSAN MOTOR MANUFACTURING UK,HASU4931008,1
NISSAN MOTOR MANUFACTURING UK,HASU4912230,1
NISSAN MOTOR MANUFACTURING UK,HASU4886070,1
NISSAN MOTOR MANUFACTURING UK,HASU4836783,1
NISSAN MOTOR MANUFACTURING UK,HASU4800667,1
NISSAN MOTOR MANUFACTURING UK,HASU4731376,1
NISSAN MOTOR MANUFACTURING UK,HASU4704792,1
NISSAN MOTOR MANUFACTURING UK,HASU4618483,1
NISSAN MOTOR MANUFACTURING UK,HASU4522490,1
NISSAN MOTOR MANUFACTURING UK,HASU4457183,1
NISSAN MOTOR MANUFACTURING UK,HASU4445140,1
NISSAN MOTOR MANUFACTURING UK,HASU4399132,1
NISSAN MOTOR MANUFACTURING UK,HASU4385205,1
NISSAN MOTOR MANUFACTURING UK,HASU4385150,1
NISSAN MOTOR MANUFACTURING UK,HASU4352032,1
NISSAN MOTOR MANUFACTURING UK,HASU4318824,1
NISSAN MOTOR MANUFACTURING UK,HASU4276204,1
NISSAN MOTOR MANUFACTURING UK,HASU4260960,1
NISSAN MOTOR MANUFACTURING UK,HASU4259090,1
NISSAN MOTOR MANUFACTURING UK,HASU4186585,1
NISSAN MOTOR MANUFACTURING UK,HASU4165290,1
NISSAN MOTOR MANUFACTURING UK,HASU4109444,1
NISSAN MOTOR MANUFACTURING UK,HASU4029570,1
NISSAN MOTOR MANUFACTURING UK,HASU1462817,1
NISSAN MOTOR MANUFACTURING UK,HAMU1287409,1
NISSAN MOTOR MANUFACTURING UK,GLDU9990918,1
NISSAN MOTOR MANUFACTURING UK,GLDU9989481,1
NISSAN MOTOR MANUFACTURING UK,GLDU9406310,1
NISSAN MOTOR MANUFACTURING UK,FFAU1424768,1
NISSAN MOTOR MANUFACTURING UK,FFAU1421373,1
NISSAN MOTOR MANUFACTURING UK,FFAU1411821,1
NISSAN MOTOR MANUFACTURING UK,FDCU0628698,1
NISSAN MOTOR MANUFACTURING UK,CAIU8920650,1
NISSAN MOTOR MANUFACTURING UK,CAIU8103440,1
NISSAN MOTOR MANUFACTURING UK,CAIU8048996,1
NISSAN MOTOR MANUFACTURING UK,CAIU4627916,1
NISSAN MOTOR MANUFACTURING UK,CAIU4298446,1
NISSAN MOTOR MANUFACTURING UK,CAIU3467916,1
NISSAN MOTOR MANUFACTURING UK,CAIU2663909,1
NISSAN MOTOR MANUFACTURING UK,CAIU2573019,1
NISSAN MOTOR MANUFACTURING UK,CAAU6675870,1
NISSAN MOTOR MANUFACTURING UK,CAAU6523245,1
NISSAN MOTOR MANUFACTURING UK,CAAU6420036,1
NISSAN MOTOR MANUFACTURING UK,CAAU6418471,1
NISSAN MOTOR MANUFACTURING UK,CAAU6418213,1
NISSAN MOTOR MANUFACTURING UK,CAAU6416885,1
NISSAN MOTOR MANUFACTURING UK,CAAU6104887,1
NISSAN MOTOR MANUFACTURING UK,CAAU6099142,1
NISSAN MOTOR MANUFACTURING UK,CAAU5449354,1
NISSAN MOTOR MANUFACTURING UK,CAAU5228311,1
NISSAN MOTOR MANUFACTURING UK,CAAU5051571,1
NISSAN MOTOR MANUFACTURING UK,BSIU9813122,1
NISSAN MOTOR MANUFACTURING UK,BSIU9812131,1
NISSAN MOTOR MANUFACTURING UK,BSIU9434026,1
NISSAN MOTOR MANUFACTURING UK,BSIU9374550,1
NISSAN MOTOR MANUFACTURING UK,BSIU9369738,1
NISSAN MOTOR MANUFACTURING UK,BSIU9026929,1
NISSAN MOTOR MANUFACTURING UK,BSIU2119228,1
NISSAN MOTOR MANUFACTURING UK,BMOU4181887,1
NISSAN MOTOR MANUFACTURING UK,BMOU4170959,1
NISSAN MOTOR MANUFACTURING UK,BEAU6270905,1
NISSAN MOTOR MANUFACTURING UK,CAIU9132946,1
NISSAN MOTOR MANUFACTURING UK,HASU5022210,1
NISSAN MOTOR MANUFACTURING UK,CAIU9507786,1
NISSAN MOTOR MANUFACTURING UK,CMAU4977408,1
NISSAN MOTOR MANUFACTURING UK,FDCU0582508,1
NISSAN MOTOR MANUFACTURING UK,FDCU0532338,1
NISSAN MOTOR MANUFACTURING UK,FDCU0382032,1
NISSAN MOTOR MANUFACTURING UK,FDCU0358680,1
NISSAN MOTOR MANUFACTURING UK,FDCU0349414,1
NISSAN MOTOR MANUFACTURING UK,FCIU9932295,1
NISSAN MOTOR MANUFACTURING UK,FCIU8807299,1
NISSAN MOTOR MANUFACTURING UK,FCIU8775036,1
NISSAN MOTOR MANUFACTURING UK,FCIU8235505,1
NISSAN MOTOR MANUFACTURING UK,FCIU8068584,1
NISSAN MOTOR MANUFACTURING UK,FCIU2593538,1
NISSAN MOTOR MANUFACTURING UK,DRYU9609768,1
NISSAN MOTOR MANUFACTURING UK,DRYU9483793,1
NISSAN MOTOR MANUFACTURING UK,DRYU9226856,1
NISSAN MOTOR MANUFACTURING UK,DRYU9108004,1
NISSAN MOTOR MANUFACTURING UK,DRYU6076433,1
NISSAN MOTOR MANUFACTURING UK,DRYU6041036,1
NISSAN MOTOR MANUFACTURING UK,DFSU7378249,1
NISSAN MOTOR MANUFACTURING UK,DFSU7314558,1
NISSAN MOTOR MANUFACTURING UK,DFSU6974829,1
NISSAN MOTOR MANUFACTURING UK,DFSU6781476,1
NISSAN MOTOR MANUFACTURING UK,DFSU6308078,1
NISSAN MOTOR MANUFACTURING UK,DAYU6122278,1
NISSAN MOTOR MANUFACTURING UK,DAYU6115812,1
NISSAN MOTOR MANUFACTURING UK,DAYU6112325,1
NISSAN MOTOR MANUFACTURING UK,CXDU1372364,1
NISSAN MOTOR MANUFACTURING UK,CRSU9326308,1
NISSAN MOTOR MANUFACTURING UK,CRSU9157907,1
NISSAN MOTOR MANUFACTURING UK,CMAU7776460,1
NISSAN MOTOR MANUFACTURING UK,CLHU4511124,1
MAERSK A/S,MRKU9357965,1
NISSAN MOTOR MANUFACTURING UK,MRSU5307573,1
NISSAN MOTOR MANUFACTURING UK,MSKU0030649,1
NISSAN MOTOR MANUFACTURING UK,TCNU8667470,1
NISSAN MOTOR MANUFACTURING UK,TCNU8627604,1
NISSAN MOTOR MANUFACTURING UK,TCNU8593253,1
NISSAN MOTOR MANUFACTURING UK,TCNU8208362,1
NISSAN MOTOR MANUFACTURING UK,TCNU8189299,1
NISSAN MOTOR MANUFACTURING UK,TCNU7660784,1
NISSAN MOTOR MANUFACTURING UK,TCNU7432212,1
NISSAN MOTOR MANUFACTURING UK,TCNU7392423,1
NISSAN MOTOR MANUFACTURING UK,TCNU7266169,1
NISSAN MOTOR MANUFACTURING UK,TCNU7094199,1
NISSAN MOTOR MANUFACTURING UK,TCNU7070221,1
NISSAN MOTOR MANUFACTURING UK,TCNU7065462,1
NISSAN MOTOR MANUFACTURING UK,TCNU6818941,1
NISSAN MOTOR MANUFACTURING UK,TCNU8804675,1
NISSAN MOTOR MANUFACTURING UK,TCNU6608781,1
NISSAN MOTOR MANUFACTURING UK,TCNU6299548,1
NISSAN MOTOR MANUFACTURING UK,TCNU6199889,1
NISSAN MOTOR MANUFACTURING UK,TCNU6107985,1
NISSAN MOTOR MANUFACTURING UK,TCNU6104501,1
NISSAN MOTOR MANUFACTURING UK,TCNU5990010,1
NISSAN MOTOR MANUFACTURING UK,TCNU5905569,1
NISSAN MOTOR MANUFACTURING UK,TCNU5890880,1
NISSAN MOTOR MANUFACTURING UK,TCNU5884867,1
NISSAN MOTOR MANUFACTURING UK,TCNU5580334,1
NISSAN MOTOR MANUFACTURING UK,TCNU5073200,1
NISSAN MOTOR MANUFACTURING UK,TCNU4846923,1
NISSAN MOTOR MANUFACTURING UK,TCNU4552636,1
NISSAN MOTOR MANUFACTURING UK,TCNU4497966,1
NISSAN MOTOR MANUFACTURING UK,TCNU6499016,1
NISSAN MOTOR MANUFACTURING UK,TCNU8825338,1
NISSAN MOTOR MANUFACTURING UK,TCNU9439807,1
NISSAN MOTOR MANUFACTURING UK,TCNU9621597,1
NISSAN MOTOR MANUFACTURING UK,TGHU9467056,1
NISSAN MOTOR MANUFACTURING UK,TGHU8322090,1
NISSAN MOTOR MANUFACTURING UK,TGHU7966605,1
NISSAN MOTOR MANUFACTURING UK,TGHU6992636,1
NISSAN MOTOR MANUFACTURING UK,TGHU6529792,1
NISSAN MOTOR MANUFACTURING UK,TGHU6434980,1
NISSAN MOTOR MANUFACTURING UK,TGHU1218057,1
NISSAN MOTOR MANUFACTURING UK,TGBU9887150,1
NISSAN MOTOR MANUFACTURING UK,TGBU9710056,1
NISSAN MOTOR MANUFACTURING UK,TGBU8894004,1
NISSAN MOTOR MANUFACTURING UK,TGBU6820321,1
NISSAN MOTOR MANUFACTURING UK,TGBU6680699,1
NISSAN MOTOR MANUFACTURING UK,TGBU6662123,1
NISSAN MOTOR MANUFACTURING UK,TGBU5381590,1
NISSAN MOTOR MANUFACTURING UK,TGBU5285350,1
NISSAN MOTOR MANUFACTURING UK,TGBU5144578,1
NISSAN MOTOR MANUFACTURING UK,TEMU8640587,1
NISSAN MOTOR MANUFACTURING UK,TEMU7907832,1
NISSAN MOTOR MANUFACTURING UK,TEMU7304778,1
NISSAN MOTOR MANUFACTURING UK,TEMU7081864,1
NISSAN MOTOR MANUFACTURING UK,TEMU6939990,1
NISSAN MOTOR MANUFACTURING UK,TEMU6348956,1
NISSAN MOTOR MANUFACTURING UK,TEMU6167829,1
NISSAN MOTOR MANUFACTURING UK,TEMU5937226,1
NISSAN MOTOR MANUFACTURING UK,TEMU5236062,1
NISSAN MOTOR MANUFACTURING UK,TEMU2553166,1
NISSAN MOTOR MANUFACTURING UK,TEMU1505076,1
NISSAN MOTOR MANUFACTURING UK,TEMU0502792,1
NISSAN MOTOR MANUFACTURING UK,TCNU9683264,1
NISSAN MOTOR MANUFACTURING UK,TCNU4430330,1
NISSAN MOTOR MANUFACTURING UK,TGHU9728566,1
NISSAN MOTOR MANUFACTURING UK,TCNU4416455,1
NISSAN MOTOR MANUFACTURING UK,TCNU4274659,1
NISSAN MOTOR MANUFACTURING UK,TCLU6739737,1
NISSAN MOTOR MANUFACTURING UK,TCLU6726679,1
NISSAN MOTOR MANUFACTURING UK,TCLU6725179,1
NISSAN MOTOR MANUFACTURING UK,TCLU6713326,1
NISSAN MOTOR MANUFACTURING UK,TCLU6510421,1
NISSAN MOTOR MANUFACTURING UK,TCLU6452372,1
NISSAN MOTOR MANUFACTURING UK,TCLU6092506,1
NISSAN MOTOR MANUFACTURING UK,TCLU5717245,1
NISSAN MOTOR MANUFACTURING UK,TCLU5638450,1
NISSAN MOTOR MANUFACTURING UK,TCLU5572877,1
NISSAN MOTOR MANUFACTURING UK,TCLU5499694,1
NISSAN MOTOR MANUFACTURING UK,TCLU5487585,1
NISSAN MOTOR MANUFACTURING UK,TCLU5442560,1
NISSAN MOTOR MANUFACTURING UK,TCLU6740907,1
NISSAN MOTOR MANUFACTURING UK,TCLU5363481,1
NISSAN MOTOR MANUFACTURING UK,TCLU4977504,1
NISSAN MOTOR MANUFACTURING UK,TCLU4890343,1
NISSAN MOTOR MANUFACTURING UK,TCLU3906297,1
NISSAN MOTOR MANUFACTURING UK,TCLU1781631,1
NISSAN MOTOR MANUFACTURING UK,TCLU1615142,1
NISSAN MOTOR MANUFACTURING UK,TCLU1575902,1
NISSAN MOTOR MANUFACTURING UK,TCKU9813949,1
NISSAN MOTOR MANUFACTURING UK,TCKU9141361,1
NISSAN MOTOR MANUFACTURING UK,TCKU7921461,1
NISSAN MOTOR MANUFACTURING UK,TCKU7795677,1
NISSAN MOTOR MANUFACTURING UK,TCKU7722109,1
NISSAN MOTOR MANUFACTURING UK,TCKU7624416,1
NISSAN MOTOR MANUFACTURING UK,TCKU7550102,1
NISSAN MOTOR MANUFACTURING UK,TCLU5267298,1
NISSAN MOTOR MANUFACTURING UK,TCLU6888520,1
NISSAN MOTOR MANUFACTURING UK,TCLU7819035,1
NISSAN MOTOR MANUFACTURING UK,TCLU7987450,1
NISSAN MOTOR MANUFACTURING UK,TCNU4269396,1
NISSAN MOTOR MANUFACTURING UK,TCNU4166504,1
NISSAN MOTOR MANUFACTURING UK,TCNU4105730,1
NISSAN MOTOR MANUFACTURING UK,TCNU3944720,1
NISSAN MOTOR MANUFACTURING UK,TCNU2879722,1
NISSAN MOTOR MANUFACTURING UK,TCNU2814911,1
NISSAN MOTOR MANUFACTURING UK,TCNU2736906,1
NISSAN MOTOR MANUFACTURING UK,TCNU2687648,1
NISSAN MOTOR MANUFACTURING UK,TCNU2620881,1
NISSAN MOTOR MANUFACTURING UK,TCNU2575313,1
NISSAN MOTOR MANUFACTURING UK,TCNU2458322,1
NISSAN MOTOR MANUFACTURING UK,TCNU1860907,1
NISSAN MOTOR MANUFACTURING UK,TCNU1524287,1
NISSAN MOTOR MANUFACTURING UK,TCLU9965358,1
NISSAN MOTOR MANUFACTURING UK,TCLU9850451,1
NISSAN MOTOR MANUFACTURING UK,TCLU9549638,1
NISSAN MOTOR MANUFACTURING UK,TCLU8953141,1
NISSAN MOTOR MANUFACTURING UK,TCLU8905694,1
NISSAN MOTOR MANUFACTURING UK,TCLU8826609,1
NISSAN MOTOR MANUFACTURING UK,TCLU8812400,1
NISSAN MOTOR MANUFACTURING UK,TCLU8729492,1
NISSAN MOTOR MANUFACTURING UK,TCLU8572063,1
NISSAN MOTOR MANUFACTURING UK,TCLU8498963,1
NISSAN MOTOR MANUFACTURING UK,TCLU8482041,1
NISSAN MOTOR MANUFACTURING UK,TCLU8434450,1
NISSAN MOTOR MANUFACTURING UK,TCLU8245271,1
NISSAN MOTOR MANUFACTURING UK,TCLU8212447,1
NISSAN MOTOR MANUFACTURING UK,TCLU8179924,1
NISSAN MOTOR MANUFACTURING UK,TCLU8147188,1
NISSAN MOTOR MANUFACTURING UK,TCNU4302339,1
NISSAN MOTOR MANUFACTURING UK,TLLU1220691,1
NISSAN MOTOR MANUFACTURING UK,TLLU2134920,1
NISSAN MOTOR MANUFACTURING UK,TLLU2252184,1
REGENCY FREIGHT SERVICES LTD,HAMU1296870,1
REGENCY FREIGHT SERVICES LTD,DRYU4287289,1
RAW MINERALS B.V.,ECMU2204145,1
PROGRESSIVE 3PL LIMITED,TCKU4361804,1
PROGRESSIVE 3PL LIMITED,MEDU6107961,1
PROGRESSIVE 3PL LIMITED,GLDU5487567,1
PROGRESSIVE 3PL LIMITED,CAIU4751911,1
OCN (BATTERY PLANT),DFSU1737402,1
OCEAN NETWORK EXPRESS PTE LTD,UETU4131227,1
OCEAN NETWORK EXPRESS PTE LTD,TRLU9717160,1
OCEAN NETWORK EXPRESS PTE LTD,TRHU4160921,1
OCEAN NETWORK EXPRESS PTE LTD,TRHU3084690,1
OCEAN NETWORK EXPRESS PTE LTD,TRHU1424620,1
REGENCY FREIGHT SERVICES LTD,NYKU3561792,1
OCEAN NETWORK EXPRESS PTE LTD,TLLU6079478,1
OCEAN NETWORK EXPRESS PTE LTD,TLLU5573280,1
OCEAN NETWORK EXPRESS PTE LTD,TCLU6345477,1
OCEAN NETWORK EXPRESS PTE LTD,TCLU1968622,1
OCEAN NETWORK EXPRESS PTE LTD,TCKU4776971,1
OCEAN NETWORK EXPRESS PTE LTD,NYKU9755007,1
OCEAN NETWORK EXPRESS PTE LTD,NYKU8375738,1
OCEAN NETWORK EXPRESS PTE LTD,NYKU5868197,1
OCEAN NETWORK EXPRESS PTE LTD,NYKU3510814,1
OCEAN NETWORK EXPRESS PTE LTD,MTSU9600109,1
OCEAN NETWORK EXPRESS PTE LTD,MOFU0653710,1
OCEAN NETWORK EXPRESS PTE LTD,KKTU8159408,1
OCEAN NETWORK EXPRESS PTE LTD,KKFU7765108,1
OCEAN NETWORK EXPRESS PTE LTD,KKFU7472199,1
OCEAN NETWORK EXPRESS PTE LTD,TLLU6025980,1
REGENCY FREIGHT SERVICES LTD,TGBU4268656,1
REUDAN INTERNATIONAL,TCKU6934741,1
TRANS GLOBAL FREIGHT MANAGEMEN,TGBU5326274,1
VIPA LAUSANNE SA,TRHU4007770,1
VIPA LAUSANNE SA,TGBU5322670,1
VIPA LAUSANNE SA,TCNU7341977,1
VIPA LAUSANNE SA,TCNU4328230,1
VIPA LAUSANNE SA,TCNU1705752,1
VIPA LAUSANNE SA,TCKU7916974,1
VIPA LAUSANNE SA,TCKU7641033,1
VIPA LAUSANNE SA,SUDU6988258,1
VIPA LAUSANNE SA,SUDU5901839,1
VIPA LAUSANNE SA,SEKU4455850,1
VIPA LAUSANNE SA,MSKU9776618,1
VIPA LAUSANNE SA,MSKU9141474,1
VIPA LAUSANNE SA,MSKU0035867,1
VIPA LAUSANNE SA,MRSU4813767,1
VIPA LAUSANNE SA,MRSU4813730,1
VIPA LAUSANNE SA,MRSU4656293,1
VIPA LAUSANNE SA,MRSU4400763,1
VIPA LAUSANNE SA,MRKU5906286,1
VIPA LAUSANNE SA,MRKU5822626,1
VIPA LAUSANNE SA,MRKU5741000,1
VIPA LAUSANNE SA,MRKU5693621,1
VIPA LAUSANNE SA,MRKU5133041,1
VIPA LAUSANNE SA,MRKU5116189,1
VIPA LAUSANNE SA,MRKU4487360,1
VIPA LAUSANNE SA,HASU4324982,1
VIPA LAUSANNE SA,FFAU2293127,1
VIPA LAUSANNE SA,CAAU6527765,1
UNIEXPRESS LIMITED,TCLU3235033,1
UNIEXPRESS LIMITED,KKFU7861570,1
OCEAN NETWORK EXPRESS PTE LTD,DRYU4281640,1
OCEAN NETWORK EXPRESS PTE LTD,CRSU9130758,1
NISSAN TRADING EUROPE LTD,TCLU3036319,1
NISSAN MOTOR MANUFACTURING UK,XINU8225278,1
NISSAN MOTOR MANUFACTURING UK,TRHU4174191,1
NISSAN MOTOR MANUFACTURING UK,TRHU4165327,1
NISSAN MOTOR MANUFACTURING UK,TRHU4160921,1
NISSAN MOTOR MANUFACTURING UK,TRHU4160006,1
NISSAN MOTOR MANUFACTURING UK,TRHU4024170,1
NISSAN MOTOR MANUFACTURING UK,TRHU3992130,1
NISSAN MOTOR MANUFACTURING UK,TRHU2751904,1
NISSAN MOTOR MANUFACTURING UK,TRHU2395275,1
NISSAN MOTOR MANUFACTURING UK,TRHU1836036,1
NISSAN MOTOR MANUFACTURING UK,TLLU5983053,1
NISSAN MOTOR MANUFACTURING UK,TLLU5875932,1
NISSAN MOTOR MANUFACTURING UK,TLLU5870890,1
NISSAN MOTOR MANUFACTURING UK,TLLU5852372,1
NISSAN MOTOR MANUFACTURING UK,TLLU5835360,1
NISSAN MOTOR MANUFACTURING UK,TLLU5705263,1
NISSAN MOTOR MANUFACTURING UK,TLLU5662372,1
NISSAN MOTOR MANUFACTURING UK,TLLU5656364,1
NISSAN MOTOR MANUFACTURING UK,TLLU5548740,1
NISSAN MOTOR MANUFACTURING UK,TLLU5540570,1
NISSAN MOTOR MANUFACTURING UK,TLLU5539199,1
NISSAN MOTOR MANUFACTURING UK,TLLU5499218,1
NISSAN MOTOR MANUFACTURING UK,TLLU5431455,1
NISSAN MOTOR MANUFACTURING UK,TLLU5253878,1
NISSAN MOTOR MANUFACTURING UK,TLLU4903006,1
NISSAN MOTOR MANUFACTURING UK,TLLU4830229,1
NISSAN MOTOR MANUFACTURING UK,TLLU4816703,1
NISSAN MOTOR MANUFACTURING UK,TLLU4556566,1
NISSAN MOTOR MANUFACTURING UK,TLLU4063940,1
NISSAN MOTOR MANUFACTURING UK,TLLU4018880,1
NISSAN MOTOR MANUFACTURING UK,TRHU4185386,1
NISSAN MOTOR MANUFACTURING UK,TCKU7508519,1
NISSAN MOTOR MANUFACTURING UK,TRHU4257486,1
NISSAN MOTOR MANUFACTURING UK,TRHU4404360,1
NISSAN MOTOR MANUFACTURING UK,UETU5929356,1
NISSAN MOTOR MANUFACTURING UK,UETU5926465,1
NISSAN MOTOR MANUFACTURING UK,UACU6034638,1
NISSAN MOTOR MANUFACTURING UK,UACU5726689,1
NISSAN MOTOR MANUFACTURING UK,UACU5090658,1
NISSAN MOTOR MANUFACTURING UK,UACU4794544,1
NISSAN MOTOR MANUFACTURING UK,UACU3786570,1
NISSAN MOTOR MANUFACTURING UK,TTNU1233345,1
NISSAN MOTOR MANUFACTURING UK,TRLU7639177,1
NISSAN MOTOR MANUFACTURING UK,TRLU7459787,1
NISSAN MOTOR MANUFACTURING UK,TRLU7459093,1
NISSAN MOTOR MANUFACTURING UK,TRLU7455293,1
NISSAN MOTOR MANUFACTURING UK,TRLU7424456,1
NISSAN MOTOR MANUFACTURING UK,TRLU7336801,1
NISSAN MOTOR MANUFACTURING UK,TRLU7160230,1
NISSAN MOTOR MANUFACTURING UK,TRLU3860298,1
NISSAN MOTOR MANUFACTURING UK,TRHU8344892,1
NISSAN MOTOR MANUFACTURING UK,TRHU7751595,1
NISSAN MOTOR MANUFACTURING UK,TRHU7602077,1
NISSAN MOTOR MANUFACTURING UK,TRHU7590572,1
NISSAN MOTOR MANUFACTURING UK,TRHU6480349,1
NISSAN MOTOR MANUFACTURING UK,TRHU5947634,1
NISSAN MOTOR MANUFACTURING UK,TRHU4972714,1
NISSAN MOTOR MANUFACTURING UK,TRHU4778102,1
NISSAN MOTOR MANUFACTURING UK,TRHU4615580,1
NISSAN MOTOR MANUFACTURING UK,TRHU4572554,1
NISSAN MOTOR MANUFACTURING UK,TRHU4546431,1
NISSAN MOTOR MANUFACTURING UK,TRHU4494277,1
NISSAN MOTOR MANUFACTURING UK,TRHU4405578,1
NISSAN MOTOR MANUFACTURING UK,TRHU4331428,1
NISSAN MOTOR MANUFACTURING UK,MSKU0019423,1
NISSAN MOTOR MANUFACTURING UK,TCKU7475328,1
NISSAN MOTOR MANUFACTURING UK,TCKU7341777,1
NISSAN MOTOR MANUFACTURING UK,MSKU8482624,1
NISSAN MOTOR MANUFACTURING UK,MSKU8440423,1
NISSAN MOTOR MANUFACTURING UK,MSKU8346762,1
NISSAN MOTOR MANUFACTURING UK,MSKU8303673,1
NISSAN MOTOR MANUFACTURING UK,MSKU8284700,1
NISSAN MOTOR MANUFACTURING UK,MSKU8159524,1
NISSAN MOTOR MANUFACTURING UK,MSKU8132333,1
NISSAN MOTOR MANUFACTURING UK,MSKU8031683,1
NISSAN MOTOR MANUFACTURING UK,MSKU7898854,1
NISSAN MOTOR MANUFACTURING UK,MSKU7683687,1
NISSAN MOTOR MANUFACTURING UK,MSKU7680841,1
NISSAN MOTOR MANUFACTURING UK,MSKU7625090,1
NISSAN MOTOR MANUFACTURING UK,MSKU7384665,1
NISSAN MOTOR MANUFACTURING UK,MSKU8490980,1
NISSAN MOTOR MANUFACTURING UK,MSKU7326421,1
NISSAN MOTOR MANUFACTURING UK,MSKU7152994,1
NISSAN MOTOR MANUFACTURING UK,MSKU6819470,1
NISSAN MOTOR MANUFACTURING UK,MSKU6764613,1
NISSAN MOTOR MANUFACTURING UK,MSKU6445180,1
NISSAN MOTOR MANUFACTURING UK,MSKU6270164,1
NISSAN MOTOR MANUFACTURING UK,MSKU6208297,1
NISSAN MOTOR MANUFACTURING UK,MSKU5406019,1
NISSAN MOTOR MANUFACTURING UK,MSKU5033213,1
NISSAN MOTOR MANUFACTURING UK,MSKU4321920,1
NISSAN MOTOR MANUFACTURING UK,MSKU4197146,1
NISSAN MOTOR MANUFACTURING UK,MSKU3234137,1
NISSAN MOTOR MANUFACTURING UK,MSKU3095812,1
NISSAN MOTOR MANUFACTURING UK,MSKU1959192,1
NISSAN MOTOR MANUFACTURING UK,MSKU7194053,1
NISSAN MOTOR MANUFACTURING UK,MSKU8675583,1
NISSAN MOTOR MANUFACTURING UK,MSKU8714843,1
NISSAN MOTOR MANUFACTURING UK,MSKU8808710,1
NISSAN MOTOR MANUFACTURING UK,MSKU9836189,1
NISSAN MOTOR MANUFACTURING UK,MSKU9801454,1
NISSAN MOTOR MANUFACTURING UK,MSKU9786133,1
NISSAN MOTOR MANUFACTURING UK,MSKU9776618,1
NISSAN MOTOR MANUFACTURING UK,MSKU9766796,1
NISSAN MOTOR MANUFACTURING UK,MSKU9614474,1
NISSAN MOTOR MANUFACTURING UK,MSKU9558072,1
NISSAN MOTOR MANUFACTURING UK,MSKU9557590,1
NISSAN MOTOR MANUFACTURING UK,MSKU9543431,1
NISSAN MOTOR MANUFACTURING UK,MSKU9538435,1
NISSAN MOTOR MANUFACTURING UK,MSKU9513490,1
NISSAN MOTOR MANUFACTURING UK,MSKU9462807,1
NISSAN MOTOR MANUFACTURING UK,MSKU9458350,1
NISSAN MOTOR MANUFACTURING UK,MSKU9419122,1
NISSAN MOTOR MANUFACTURING UK,MSKU9378661,1
NISSAN MOTOR MANUFACTURING UK,MSKU9324372,1
NISSAN MOTOR MANUFACTURING UK,MSKU9272514,1
NISSAN MOTOR MANUFACTURING UK,MSKU9244277,1
NISSAN MOTOR MANUFACTURING UK,MSKU9176207,1
NISSAN MOTOR MANUFACTURING UK,MSKU9059957,1
NISSAN MOTOR MANUFACTURING UK,MSKU9051977,1
NISSAN MOTOR MANUFACTURING UK,MSKU8998570,1
NISSAN MOTOR MANUFACTURING UK,MSKU8991534,1
NISSAN MOTOR MANUFACTURING UK,MSKU8960410,1
NISSAN MOTOR MANUFACTURING UK,MSKU8941976,1
NISSAN MOTOR MANUFACTURING UK,MSKU8929040,1
NISSAN MOTOR MANUFACTURING UK,MSKU8920438,1
NISSAN MOTOR MANUFACTURING UK,MSKU8874380,1
NISSAN MOTOR MANUFACTURING UK,MSKU8830859,1
NISSAN MOTOR MANUFACTURING UK,MSKU1958093,1
NISSAN MOTOR MANUFACTURING UK,MSKU9857290,1
NISSAN MOTOR MANUFACTURING UK,MSKU1951479,1
NISSAN MOTOR MANUFACTURING UK,MSKU1853596,1
NISSAN MOTOR MANUFACTURING UK,MSKU0857787,1
NISSAN MOTOR MANUFACTURING UK,MSKU0853462,1
NISSAN MOTOR MANUFACTURING UK,MSKU0837559,1
NISSAN MOTOR MANUFACTURING UK,MSKU0832937,1
NISSAN MOTOR MANUFACTURING UK,MSKU0829975,1
NISSAN MOTOR MANUFACTURING UK,MSKU0797097,1
NISSAN MOTOR MANUFACTURING UK,MSKU0719936,1
NISSAN MOTOR MANUFACTURING UK,MSKU0692460,1
NISSAN MOTOR MANUFACTURING UK,MSKU0656268,1
NISSAN MOTOR MANUFACTURING UK,MSKU0652832,1
NISSAN MOTOR MANUFACTURING UK,MSKU0586999,1
NISSAN MOTOR MANUFACTURING UK,MSKU0576054,1
NISSAN MOTOR MANUFACTURING UK,MSKU0566040,1
NISSAN MOTOR MANUFACTURING UK,MSKU0890363,1
NISSAN MOTOR MANUFACTURING UK,MSKU0535034,1
NISSAN MOTOR MANUFACTURING UK,MSKU0522649,1
NISSAN MOTOR MANUFACTURING UK,MSKU0473879,1
NISSAN MOTOR MANUFACTURING UK,MSKU0396392,1
NISSAN MOTOR MANUFACTURING UK,MSKU0370525,1
NISSAN MOTOR MANUFACTURING UK,MSKU0350067,1
NISSAN MOTOR MANUFACTURING UK,MSKU0256683,1
NISSAN MOTOR MANUFACTURING UK,MSKU0172052,1
NISSAN MOTOR MANUFACTURING UK,MSKU0153392,1
NISSAN MOTOR MANUFACTURING UK,MSKU0090910,1
NISSAN MOTOR MANUFACTURING UK,MSKU0080439,1
NISSAN MOTOR MANUFACTURING UK,MSKU0067186,1
NISSAN MOTOR MANUFACTURING UK,MSKU0061362,1
NISSAN MOTOR MANUFACTURING UK,MSKU0043590,1
NISSAN MOTOR MANUFACTURING UK,MSKU0524003,1
NISSAN MOTOR MANUFACTURING UK,MSKU0893531,1
NISSAN MOTOR MANUFACTURING UK,MSKU0899186,1
NISSAN MOTOR MANUFACTURING UK,MSKU1016310,1
NISSAN MOTOR MANUFACTURING UK,MSKU1834678,1
NISSAN MOTOR MANUFACTURING UK,MSKU1820988,1
NISSAN MOTOR MANUFACTURING UK,MSKU1816484,1
NISSAN MOTOR MANUFACTURING UK,MSKU1722702,1
NISSAN MOTOR MANUFACTURING UK,MSKU1700597,1
NISSAN MOTOR MANUFACTURING UK,MSKU1643270,1
NISSAN MOTOR MANUFACTURING UK,MSKU1626801,1
NISSAN MOTOR MANUFACTURING UK,MSKU1595085,1
NISSAN MOTOR MANUFACTURING UK,MSKU1576280,1
NISSAN MOTOR MANUFACTURING UK,MSKU1547929,1
NISSAN MOTOR MANUFACTURING UK,MSKU1500048,1
NISSAN MOTOR MANUFACTURING UK,MSKU1499965,1
NISSAN MOTOR MANUFACTURING UK,MSKU1478746,1
NISSAN MOTOR MANUFACTURING UK,MSKU1434080,1
NISSAN MOTOR MANUFACTURING UK,MSKU1385514,1
NISSAN MOTOR MANUFACTURING UK,MSKU1346251,1
NISSAN MOTOR MANUFACTURING UK,MSKU1327210,1
NISSAN MOTOR MANUFACTURING UK,MSKU1325900,1
NISSAN MOTOR MANUFACTURING UK,MSKU1295895,1
NISSAN MOTOR MANUFACTURING UK,MSKU1271065,1
NISSAN MOTOR MANUFACTURING UK,MSKU1248548,1
NISSAN MOTOR MANUFACTURING UK,MSKU1247834,1
NISSAN MOTOR MANUFACTURING UK,MSKU1200729,1
NISSAN MOTOR MANUFACTURING UK,MSKU1178965,1
NISSAN MOTOR MANUFACTURING UK,MSKU1136419,1
NISSAN MOTOR MANUFACTURING UK,MSKU1126621,1
NISSAN MOTOR MANUFACTURING UK,MSKU1077677,1
NISSAN MOTOR MANUFACTURING UK,MSKU1060843,1
NISSAN MOTOR MANUFACTURING UK,MSKU1019449,1
NISSAN MOTOR MANUFACTURING UK,MSKU1923008,1
NISSAN MOTOR MANUFACTURING UK,MSKU9876875,1
NISSAN MOTOR MANUFACTURING UK,MSKU9879848,1
NISSAN MOTOR MANUFACTURING UK,MSKU9907111,1
NISSAN MOTOR MANUFACTURING UK,SUDU6707094,1
NISSAN MOTOR MANUFACTURING UK,SUDU6691845,1
NISSAN MOTOR MANUFACTURING UK,SUDU6655004,1
NISSAN MOTOR MANUFACTURING UK,SUDU6630562,1
NISSAN MOTOR MANUFACTURING UK,SUDU6614793,1
NISSAN MOTOR MANUFACTURING UK,SUDU6599533,1
NISSAN MOTOR MANUFACTURING UK,SUDU6598898,1
NISSAN MOTOR MANUFACTURING UK,SUDU6598265,1
NISSAN MOTOR MANUFACTURING UK,SUDU6244805,1
NISSAN MOTOR MANUFACTURING UK,SUDU6228888,1
NISSAN MOTOR MANUFACTURING UK,SUDU6193565,1
NISSAN MOTOR MANUFACTURING UK,SUDU5982810,1
NISSAN MOTOR MANUFACTURING UK,SUDU5966296,1
NISSAN MOTOR MANUFACTURING UK,SUDU6756313,1
NISSAN MOTOR MANUFACTURING UK,SUDU5642928,1
NISSAN MOTOR MANUFACTURING UK,SEKU4709493,1
NISSAN MOTOR MANUFACTURING UK,SEKU4709472,1
NISSAN MOTOR MANUFACTURING UK,SEKU4709451,1
NISSAN MOTOR MANUFACTURING UK,SEKU4709404,1
NISSAN MOTOR MANUFACTURING UK,SEKU4704280,1
NISSAN MOTOR MANUFACTURING UK,SEKU4701337,1
NISSAN MOTOR MANUFACTURING UK,SEKU4696924,1
NISSAN MOTOR MANUFACTURING UK,SEKU4685658,1
NISSAN MOTOR MANUFACTURING UK,SEKU4616451,1
NISSAN MOTOR MANUFACTURING UK,SEKU4606725,1
NISSAN MOTOR MANUFACTURING UK,SEKU4600537,1
NISSAN MOTOR MANUFACTURING UK,SEKU4453117,1
NISSAN MOTOR MANUFACTURING UK,SEGU5810934,1
NISSAN MOTOR MANUFACTURING UK,SUDU5554977,1
NISSAN MOTOR MANUFACTURING UK,SUDU6760530,1
NISSAN MOTOR MANUFACTURING UK,SUDU6787361,1
NISSAN MOTOR MANUFACTURING UK,SUDU6841077,1
NISSAN MOTOR MANUFACTURING UK,TCKU7327803,1
NISSAN MOTOR MANUFACTURING UK,TCKU7281111,1
NISSAN MOTOR MANUFACTURING UK,TCKU7229089,1
NISSAN MOTOR MANUFACTURING UK,TCKU7185838,1
NISSAN MOTOR MANUFACTURING UK,TCKU7127404,1
NISSAN MOTOR MANUFACTURING UK,TCKU6941000,1
NISSAN MOTOR MANUFACTURING UK,TCKU6858831,1
NISSAN MOTOR MANUFACTURING UK,TCKU6797443,1
NISSAN MOTOR MANUFACTURING UK,TCKU6521706,1
NISSAN MOTOR MANUFACTURING UK,TCKU6174696,1
NISSAN MOTOR MANUFACTURING UK,TCKU2187355,1
NISSAN MOTOR MANUFACTURING UK,SUDU8938940,1
NISSAN MOTOR MANUFACTURING UK,SUDU8862839,1
NISSAN MOTOR MANUFACTURING UK,SUDU8850870,1
NISSAN MOTOR MANUFACTURING UK,SUDU8849797,1
NISSAN MOTOR MANUFACTURING UK,SUDU8802151,1
NISSAN MOTOR MANUFACTURING UK,SUDU8674662,1
NISSAN MOTOR MANUFACTURING UK,SUDU8651857,1
NISSAN MOTOR MANUFACTURING UK,SUDU8641294,1
NISSAN MOTOR MANUFACTURING UK,SUDU8615572,1
NISSAN MOTOR MANUFACTURING UK,SUDU8511351,1
NISSAN MOTOR MANUFACTURING UK,SUDU8501414,1
NISSAN MOTOR MANUFACTURING UK,SUDU8230879,1
NISSAN MOTOR MANUFACTURING UK,SUDU7544094,1
NISSAN MOTOR MANUFACTURING UK,SUDU7505185,1
NISSAN MOTOR MANUFACTURING UK,SUDU7444433,1
NISSAN MOTOR MANUFACTURING UK,SUDU6947731,1
NISSAN MOTOR MANUFACTURING UK,SUDU6917470,1
NISSAN MOTOR MANUFACTURING UK,SUDU6873752,1
NISSAN MOTOR MANUFACTURING UK,SEGU5505205,1
NISSAN MOTOR MANUFACTURING UK,SEGU4918586,1
NISSAN MOTOR MANUFACTURING UK,SEGU4665045,1
NISSAN MOTOR MANUFACTURING UK,SEGU4537574,1
NISSAN MOTOR MANUFACTURING UK,NYKU4756269,1
NISSAN MOTOR MANUFACTURING UK,NYKU4717004,1
NISSAN MOTOR MANUFACTURING UK,NYKU4716630,1
NISSAN MOTOR MANUFACTURING UK,NYKU4709420,1
NISSAN MOTOR MANUFACTURING UK,NYKU4416715,1
NISSAN MOTOR MANUFACTURING UK,NYKU4415750,1
NISSAN MOTOR MANUFACTURING UK,NYKU4397868,1
NISSAN MOTOR MANUFACTURING UK,NYKU4383674,1
NISSAN MOTOR MANUFACTURING UK,NYKU4353181,1
NISSAN MOTOR MANUFACTURING UK,NYKU4276090,1
NISSAN MOTOR MANUFACTURING UK,NYKU4230021,1
NISSAN MOTOR MANUFACTURING UK,NYKU4206370,1
NISSAN MOTOR MANUFACTURING UK,NYKU4018619,1
NISSAN MOTOR MANUFACTURING UK,NYKU3735180,1
NISSAN MOTOR MANUFACTURING UK,NYKU0831488,1
NISSAN MOTOR MANUFACTURING UK,NYKU0776396,1
NISSAN MOTOR MANUFACTURING UK,NYKU0755639,1
NISSAN MOTOR MANUFACTURING UK,MWCU6745784,1
NISSAN MOTOR MANUFACTURING UK,MWCU5312270,1
NISSAN MOTOR MANUFACTURING UK,MVIU0030320,1
NISSAN MOTOR MANUFACTURING UK,MVIU0027265,1
NISSAN MOTOR MANUFACTURING UK,MVIU0025745,1
NISSAN MOTOR MANUFACTURING UK,MVIU0016907,1
NISSAN MOTOR MANUFACTURING UK,MVIU0015958,1
NISSAN MOTOR MANUFACTURING UK,MVIU0013889,1
NISSAN MOTOR MANUFACTURING UK,MTSU9601168,1
NISSAN MOTOR MANUFACTURING UK,MTSU9600109,1
NISSAN MOTOR MANUFACTURING UK,MSWU9029932,1
NISSAN MOTOR MANUFACTURING UK,MSKU9990189,1
NISSAN MOTOR MANUFACTURING UK,NYKU4784743,1
NISSAN MOTOR MANUFACTURING UK,TCKU7429240,1
NISSAN MOTOR MANUFACTURING UK,NYKU4829030,1
NISSAN MOTOR MANUFACTURING UK,NYKU4941605,1
NISSAN MOTOR MANUFACTURING UK,PONU8247184,1
NISSAN MOTOR MANUFACTURING UK,PONU7894463,1
NISSAN MOTOR MANUFACTURING UK,PONU7836554,1
NISSAN MOTOR MANUFACTURING UK,PONU7681431,1
NISSAN MOTOR MANUFACTURING UK,PONU7404186,1
NISSAN MOTOR MANUFACTURING UK,PONU7371523,1
NISSAN MOTOR MANUFACTURING UK,PONU7345864,1
NISSAN MOTOR MANUFACTURING UK,PONU0563714,1
NISSAN MOTOR MANUFACTURING UK,PONU0370905,1
NISSAN MOTOR MANUFACTURING UK,PONU0229712,1
NISSAN MOTOR MANUFACTURING UK,PONU0178683,1
NISSAN MOTOR MANUFACTURING UK,PONU0091270,1
NISSAN MOTOR MANUFACTURING UK,ONEU0339454,1
NISSAN MOTOR MANUFACTURING UK,ONEU0323252,1
NISSAN MOTOR MANUFACTURING UK,ONEU0287535,1
NISSAN MOTOR MANUFACTURING UK,ONEU0256534,1
NISSAN MOTOR MANUFACTURING UK,ONEU0191114,1
NISSAN MOTOR MANUFACTURING UK,ONEU0157589,1
NISSAN MOTOR MANUFACTURING UK,ONEU0130628,1
NISSAN MOTOR MANUFACTURING UK,ONEU0128826,1
NISSAN MOTOR MANUFACTURING UK,ONEU0116722,1
NISSAN MOTOR MANUFACTURING UK,ONEU0092831,1
NISSAN MOTOR MANUFACTURING UK,ONEU0069282,1
NISSAN MOTOR MANUFACTURING UK,ONEU0016507,1
NISSAN MOTOR MANUFACTURING UK,NYKU9915105,1
NISSAN MOTOR MANUFACTURING UK,NYKU5868197,1
NISSAN MOTOR MANUFACTURING UK,NYKU5135306,1
NISSAN MOTOR MANUFACTURING UK,NYKU5110062,1
NISSAN MOTOR MANUFACTURING UK,NYKU4963965,1
NISSAN MOTOR MANUFACTURING UK,NYKU4856798,1
MAERSK A/S,MRKU9325870,1
NISSAN MOTOR MANUFACTURING UK,BEAU4418470,1
KOMATSU UK LTD (CON),MRKU9606590,1
KOMATSU UK LTD (CON),FDCU0356590,1
KOMATSU UK LTD (CON),FCIU9988231,1
KOMATSU UK LTD (CON),FCIU9768896,1
KOMATSU UK LTD (CON),DFSU7542985,1
KOMATSU UK LTD (CON),CRXU3272000,1
KOMATSU UK LTD (CON),CAIU9508273,1
KOMATSU UK LTD (CON),CAAU5224445,1
KOMATSU UK LTD (CON),BMOU5384847,1
KOMATSU UK LTD (CON),BEAU5502570,1
KOMATSU UK LTD (CON),BEAU5451724,1
KOMATSU UK LTD (CON),BEAU5294796,1
KOMATSU UK LTD (CON),BEAU4436880,1
KOMATSU UK LTD (C/S),TRHU3801281,1
KOMATSU UK LTD (C/S),TLLU2236500,1
KOMATSU UK LTD (C/S),TGBU4107029,1
KOMATSU UK LTD (C/S),TEMU5160917,1
KOMATSU UK LTD (C/S),SUDU7988930,1
KOMATSU UK LTD (C/S),SUDU1984795,1
KOMATSU UK LTD (C/S),PONU1862010,1
KOMATSU UK LTD (C/S),MSKU6765970,1
KOMATSU UK LTD (C/S),MSKU3834609,1
KOMATSU UK LTD (C/S),MSKU3405570,1
KOMATSU UK LTD (C/S),MRKU7524235,1
KOMATSU UK LTD (C/S),MRKU7477431,1
KOMATSU UK LTD (C/S),MRKU7382300,1
KOMATSU UK LTD (C/S),MRKU0981991,1
KOMATSU UK LTD (C/S),MRKU0396220,1
KOMATSU UK LTD (CON),FDCU0534639,1
KOMATSU UK LTD (CON),FSCU8542049,1
KOMATSU UK LTD (CON),GCXU5432904,1
KOMATSU UK LTD (CON),GESU6733210,1
KOMATSU UK LTD (CON),MRKU0344479,1
KOMATSU UK LTD (CON),MRKU0308506,1
KOMATSU UK LTD (CON),MRKU0297989,1
KOMATSU UK LTD (CON),MRKU0254478,1
KOMATSU UK LTD (CON),MRKU0225588,1
KOMATSU UK LTD (CON),MRKU0219841,1
KOMATSU UK LTD (CON),MRKU0214006,1
KOMATSU UK LTD (CON),MRKU0203547,1
KOMATSU UK LTD (CON),MRKU0180776,1
KOMATSU UK LTD (CON),MRKU0171141,1
KOMATSU UK LTD (CON),MRKU0168528,1
KOMATSU UK LTD (CON),MRKU0134451,1
KOMATSU UK LTD (CON),MRKU0099710,1
KINTETSU WORLD EXPRESS UK LTD,TGHU4548073,1
KOMATSU UK LTD (CON),MRKU0082506,1
KOMATSU UK LTD (CON),MRKU0051188,1
KOMATSU UK LTD (CON),MRKU0030082,1
KOMATSU UK LTD (CON),MRKU0015093,1
KOMATSU UK LTD (CON),MRKU0014899,1
KOMATSU UK LTD (CON),MRKU0007884,1
KOMATSU UK LTD (CON),MOTU1412049,1
KOMATSU UK LTD (CON),MEDU4778066,1
KOMATSU UK LTD (CON),KKFU8037540,1
KOMATSU UK LTD (CON),KKFU7969919,1
KOMATSU UK LTD (CON),KKFU7720844,1
KOMATSU UK LTD (CON),KKFU7528955,1
KOMATSU UK LTD (CON),HASU5025137,1
KOMATSU UK LTD (CON),HASU1394775,1
KOMATSU UK LTD (CON),MRKU0077259,1
KOMATSU UK LTD (CON),MRKU0355093,1
KINTETSU WORLD EXPRESS UK LTD,TCLU5912278,1
KERRY LOGISTICS (UK) LTD,MEDU5297825,1
HINE FREIGHT SERVICES LIMITED,TLLU4027388,1
HINE FREIGHT SERVICES LIMITED,TGBU5997626,1
HINE FREIGHT SERVICES LIMITED,TGBU4030478,1
HINE FREIGHT SERVICES LIMITED,TEMU8914585,1
HINE FREIGHT SERVICES LIMITED,TEMU6245027,1
HINE FREIGHT SERVICES LIMITED,TCNU6626846,1
HINE FREIGHT SERVICES LIMITED,TCNU2070358,1
HINE FREIGHT SERVICES LIMITED,TCLU4908442,1
HINE FREIGHT SERVICES LIMITED,TCLU1825088,1
HINE FREIGHT SERVICES LIMITED,MSDU7520133,1
HINE FREIGHT SERVICES LIMITED,MSCU9406717,1
HINE FREIGHT SERVICES LIMITED,MSCU5419470,1
HINE FREIGHT SERVICES LIMITED,HMCU9130896,1
HINE FREIGHT SERVICES LIMITED,GAOU6411083,1
HINE FREIGHT SERVICES LIMITED,GAOU6401911,1
HINE FREIGHT SERVICES LIMITED,GAOU6254282,1
HINE FREIGHT SERVICES LIMITED,FDCU0255465,1
HINE FREIGHT SERVICES LIMITED,FDCU0255110,1
HINE FREIGHT SERVICES LIMITED,FCIU8834139,1
HINE FREIGHT SERVICES LIMITED,FCIU8549430,1
HINE FREIGHT SERVICES LIMITED,FCIU7532690,1
HINE FREIGHT SERVICES LIMITED,EMCU8202448,1
HINE FREIGHT SERVICES LIMITED,EITU9227365,1
HINE FREIGHT SERVICES LIMITED,EITU1809014,1
HINE FREIGHT SERVICES LIMITED,EITU1282387,1
HINE FREIGHT SERVICES LIMITED,EITU1059584,1
HINE FREIGHT SERVICES LIMITED,EISU8370320,1
HINE FREIGHT SERVICES LIMITED,TLLU4056597,1
HINE FREIGHT SERVICES LIMITED,TLLU4144511,1
HINE FREIGHT SERVICES LIMITED,TLLU4294980,1
HINE FREIGHT SERVICES LIMITED,TRHU5639056,1
KERRY LOGISTICS (UK) LTD,MEDU4756750,1
KERRY LOGISTICS (UK) LTD,IPXU3962420,1
KERRY LOGISTICS (UK) LTD,FSCU7430002,1
KERRY LOGISTICS (UK) LTD,FCIU9214410,1
KERRY LOGISTICS (UK) LTD,EGHU9639649,1
KEITH SPICER LTD,UASU1055223,1
KEITH SPICER LTD,TGBU6229601,1
KEITH SPICER LTD,TCKU6664498,1
KEITH SPICER LTD,HLBU1760044,1
KEITH SPICER LTD,HLBU1615832,1
KEITH SPICER LTD,FBIU0402733,1
KEITH SPICER LTD,CAIU4226929,1
J BARBOUR AND SONS LTD,TGHU8895954,1
KERRY LOGISTICS (UK) LTD,MSDU1535250,1
J BARBOUR AND SONS LTD,TEMU2422145,1
J BARBOUR AND SONS LTD,TCLU3923885,1
J BARBOUR AND SONS LTD,MSMU8005345,1
J BARBOUR AND SONS LTD,INKU6450516,1
J BARBOUR AND SONS LTD,GLDU9363311,1
J BARBOUR AND SONS LTD,GIPU4399965,1
J BARBOUR AND SONS LTD,FSCU4765105,1
J BARBOUR AND SONS LTD,CMAU4054904,1
J BARBOUR AND SONS LTD,CMAU1955597,1
J BARBOUR AND SONS LTD,CMAU0870659,1
J BARBOUR AND SONS LTD,APZU2134760,1
J BARBOUR AND SONS LTD,APHU6759670,1
HINE FREIGHT SERVICES LIMITED,TRHU7516359,1
HINE FREIGHT SERVICES LIMITED,TRHU5989460,1
J BARBOUR AND SONS LTD,TCLU3946047,1
HINE FREIGHT SERVICES LIMITED,EISU8278955,1
KOMATSU UK LTD (CON),MRKU0356058,1
KOMATSU UK LTD (CON),MRKU0438304,1
KOMATSU UK LTD (CON),TGHU1703854,1
KOMATSU UK LTD (CON),TGBU9720990,1
KOMATSU UK LTD (CON),TEMU7466362,1
KOMATSU UK LTD (CON),TCNU8854444,1
KOMATSU UK LTD (CON),TCNU7341977,1
KOMATSU UK LTD (CON),TCNU4432440,1
KOMATSU UK LTD (CON),TCNU4272738,1
KOMATSU UK LTD (CON),TCNU2817248,1
KOMATSU UK LTD (CON),TCLU9719842,1
KOMATSU UK LTD (CON),TCLU9716890,1
KOMATSU UK LTD (CON),TCLU9351257,1
KOMATSU UK LTD (CON),TCLU9241157,1
KOMATSU UK LTD (CON),TCLU8876467,1
KOMATSU UK LTD (CON),TCLU8482123,1
KOMATSU UK LTD (CON),TCLU7861420,1
KOMATSU UK LTD (CON),TCLU6258705,1
KOMATSU UK LTD (CON),TCLU6105305,1
KOMATSU UK LTD (CON),TCLU5202548,1
KOMATSU UK LTD (CON),TCLU4606611,1
KOMATSU UK LTD (CON),TCLU2223146,1
KOMATSU UK LTD (CON),TCLU1839883,1
KOMATSU UK LTD (CON),TCLU1832214,1
KOMATSU UK LTD (CON),TCKU7273409,1
KOMATSU UK LTD (CON),TCKU7043073,1
KOMATSU UK LTD (CON),TCKU6031397,1
KOMATSU UK LTD (CON),SUDU6790447,1
KOMATSU UK LTD (CON),SUDU5455260,1
KOMATSU UK LTD (CON),TGHU4732413,1
KOMATSU UK LTD (CON),TGHU8716853,1
KOMATSU UK LTD (CON),TLLU5351350,1
KOMATSU UK LTD (CON),TLLU5596265,1
KUEHNE + NAGEL LTD,HLBU2346907,1
KUEHNE + NAGEL LTD,HLBU2207373,1
KUEHNE + NAGEL LTD,HLBU1408239,1
KUEHNE + NAGEL LTD,HLBU1396631,1
KUEHNE + NAGEL LTD,HLBU1276718,1
KUEHNE + NAGEL LTD,HLBU1130615,1
KUEHNE + NAGEL LTD,HAMU1033493,1
KUEHNE + NAGEL LTD,GCXU2196019,1
KUEHNE + NAGEL LTD,FTAU1599022,1
KUEHNE + NAGEL LTD,CLHU4668540,1
KUEHNE + NAGEL LTD,CAIU3467916,1
KUEHNE + NAGEL LTD,BSIU3231459,1
KUEHNE + NAGEL LTD,BMOU1470079,1
KOMATSU UK LTD (CON),SUDU5302126,1
KUEHNE + NAGEL LTD,BEAU2267396,1
KOMATSU UK LTD (CON),XINU4003890,1
KOMATSU UK LTD (CON),UXXU4313526,1
KOMATSU UK LTD (CON),UETU5838214,1
KOMATSU UK LTD (CON),TTNU1077303,1
KOMATSU UK LTD (CON),TRLU7557870,1
KOMATSU UK LTD (CON),TRLU7430504,1
KOMATSU UK LTD (CON),TRLU7430335,1
KOMATSU UK LTD (CON),TRHU8257611,1
KOMATSU UK LTD (CON),TRHU8246290,1
KOMATSU UK LTD (CON),TRHU4007770,1
KOMATSU UK LTD (CON),TRHU2713191,1
KOMATSU UK LTD (CON),TLLU6141785,1
KOMATSU UK LTD (CON),TLLU5692844,1
KUEHNE & NAGEL LTD,HLBU2207373,1
KOMATSU UK LTD (CON),MRKU0365300,1
KOMATSU UK LTD (CON),SEGU6600850,1
KOMATSU UK LTD (CON),PONU1935230,1
KOMATSU UK LTD (CON),MSKU2633425,1
KOMATSU UK LTD (CON),MSKU0538440,1
KOMATSU UK LTD (CON),MSDU7761043,1
KOMATSU UK LTD (CON),MRSU5083452,1
KOMATSU UK LTD (CON),MRSU4833296,1
KOMATSU UK LTD (CON),MRSU4400763,1
KOMATSU UK LTD (CON),MRKU9924190,1
MAERSK A/S,MRKU8964901,1
KOMATSU UK LTD (CON),MRKU4868427,1
KOMATSU UK LTD (CON),MRKU4828403,1
KOMATSU UK LTD (CON),MRKU1100266,1
KOMATSU UK LTD (CON),MRKU1079430,1
KOMATSU UK LTD (CON),MRKU0835981,1
KOMATSU UK LTD (CON),MRKU0827991,1
KOMATSU UK LTD (CON),MRKU0822074,1
KOMATSU UK LTD (CON),MRKU0734672,1
KOMATSU UK LTD (CON),MRKU0720874,1
KOMATSU UK LTD (CON),MRKU0713690,1
KOMATSU UK LTD (CON),MRKU0699946,1
KOMATSU UK LTD (CON),MRKU0689510,1
KOMATSU UK LTD (CON),MRKU0666876,1
KOMATSU UK LTD (CON),MRKU0666768,1
KOMATSU UK LTD (CON),MRKU0604581,1
KOMATSU UK LTD (CON),MRKU0597625,1
KOMATSU UK LTD (CON),MRKU0584485,1
KOMATSU UK LTD (CON),MRKU0527778,1
KOMATSU UK LTD (CON),MRKU0454368,1
KOMATSU UK LTD (CON),MSKU6001313,1
KOMATSU UK LTD (CON),MSKU6268167,1
KOMATSU UK LTD (CON),MSKU6295162,1
KOMATSU UK LTD (CON),MSKU6352848,1
KOMATSU UK LTD (CON),PONU1882552,1
KOMATSU UK LTD (CON),PONU1665290,1
KOMATSU UK LTD (CON),PONU1588297,1
KOMATSU UK LTD (CON),PONU1564253,1
KOMATSU UK LTD (CON),PONU1473106,1
KOMATSU UK LTD (CON),PONU1462800,1
KOMATSU UK LTD (CON),PONU1397541,1
KOMATSU UK LTD (CON),PONU1320175,1
KOMATSU UK LTD (CON),OOLU8950901,1
KOMATSU UK LTD (CON),OOCU8939594,1
KOMATSU UK LTD (CON),ONEU0090989,1
KOMATSU UK LTD (CON),NYKU5266369,1
KOMATSU UK LTD (CON),NYKU5149402,1
KOMATSU UK LTD (CON),PONU7563845,1
KOMATSU UK LTD (CON),NYKU4972669,1
KOMATSU UK LTD (CON),MSKU9206512,1
KOMATSU UK LTD (CON),MSKU7475786,1
KOMATSU UK LTD (CON),MSKU6919870,1
KOMATSU UK LTD (CON),MSKU6839203,1
KOMATSU UK LTD (CON),MSKU6827943,1
KOMATSU UK LTD (CON),MSKU6764871,1
KOMATSU UK LTD (CON),MSKU6729567,1
KOMATSU UK LTD (CON),MSKU6562720,1
KOMATSU UK LTD (CON),MSKU6502948,1
KOMATSU UK LTD (CON),MSKU6481486,1
KOMATSU UK LTD (CON),MSKU6477547,1
KOMATSU UK LTD (CON),MSKU6458803,1
KOMATSU UK LTD (CON),MSKU6382288,1
KOMATSU UK LTD (CON),NYKU4774920,1
HINE FREIGHT SERVICES LIMITED,EGSU9042636,1
HINE FREIGHT SERVICES LIMITED,EGHU9770290,1
HINE FREIGHT SERVICES LIMITED,EGHU9713670,1
HILLEBRAND BULK LOGISTICS,FBIU0466281,1
HILLEBRAND BULK LOGISTICS,FBIU0444723,1
HILLEBRAND BULK LOGISTICS,FBIU0121490,1
HILLEBRAND BULK LOGISTICS,FBIU0109432,1
HILLEBRAND BULK LOGISTICS,CXDU2334862,1
HILLEBRAND BULK LOGISTICS,CAIU6756065,1
HILLEBRAND BULK LOGISTICS,CAIU6132161,1
HILLEBRAND BULK LOGISTICS,CAAU2098960,1
HILLEBRAND BULK LOGISTICS,CAAU2092495,1
HILLEBRAND BULK LOGISTICS,CAAU2078753,1
HILLEBRAND BULK LOGISTICS,BSIU3234714,1
HILLEBRAND BULK LOGISTICS,BSIU3231818,1
HILLEBRAND BULK LOGISTICS,BMOU2899427,1
HILLEBRAND BULK LOGISTICS,BMOU1387730,1
HELLMANN WORLDWIDE LOGISTICS,MSKU5896929,1
HELLMANN WORLDWIDE LOGISTICS,MSKU3689901,1
HELLMANN WORLDWIDE LOGISTICS,MSKU3394053,1
HELLMANN WORLDWIDE LOGISTICS,MSKU2895472,1
HELLMANN WORLDWIDE LOGISTICS,MRSU0299813,1
HELLMANN WORLDWIDE LOGISTICS,MRKU9182960,1
HELLMANN WORLDWIDE LOGISTICS,MRKU6509339,1
HELLMANN WORLDWIDE LOGISTICS,CRSU1445810,1
HAPAG LLOYD AG,UACU8533997,1
HAPAG LLOYD AG,TGBU6229601,1
HAPAG LLOYD AG,TEMU6316898,1
HAPAG LLOYD AG,SEGU1233937,1
HAPAG LLOYD AG,HLXU8213128,1
HILLEBRAND BULK LOGISTICS,FBIU0491026,1
HILLEBRAND BULK LOGISTICS,FCIU6097897,1
HILLEBRAND BULK LOGISTICS,FCIU6293164,1
HILLEBRAND BULK LOGISTICS,FCIU6302353,1
HILLEBRAND BULK LOGISTICS,HLBU2284955,1
HILLEBRAND BULK LOGISTICS,HLBU2281410,1
HILLEBRAND BULK LOGISTICS,HLBU2281051,1
HILLEBRAND BULK LOGISTICS,HLBU1742328,1
HILLEBRAND BULK LOGISTICS,HLBU1731827,1
HILLEBRAND BULK LOGISTICS,HLBU1504103,1
HILLEBRAND BULK LOGISTICS,HLBU1459410,1
HILLEBRAND BULK LOGISTICS,HLBU1384179,1
HILLEBRAND BULK LOGISTICS,HLBU1379589,1
HILLEBRAND BULK LOGISTICS,HLBU1366370,1
HILLEBRAND BULK LOGISTICS,HLBU1344849,1
HILLEBRAND BULK LOGISTICS,HLBU1336951,1
HILLEBRAND BULK LOGISTICS,HLBU1182809,1
HAPAG LLOYD AG,HLBU2400063,1
HILLEBRAND BULK LOGISTICS,HLBU1096001,1
HILLEBRAND BULK LOGISTICS,HASU1512651,1
HILLEBRAND BULK LOGISTICS,HASU1297076,1
HILLEBRAND BULK LOGISTICS,HAMU1074065,1
HILLEBRAND BULK LOGISTICS,HAMU1073599,1
HILLEBRAND BULK LOGISTICS,HAMU1022040,1
HILLEBRAND BULK LOGISTICS,HAMU1002867,1
HILLEBRAND BULK LOGISTICS,FTAU1559204,1
HILLEBRAND BULK LOGISTICS,FTAU1555852,1
HILLEBRAND BULK LOGISTICS,FTAU1546378,1
HILLEBRAND BULK LOGISTICS,FTAU1266546,1
HILLEBRAND BULK LOGISTICS,FTAU1190081,1
HILLEBRAND BULK LOGISTICS,FTAU1187302,1
HILLEBRAND BULK LOGISTICS,FCIU6667217,1
HILLEBRAND BULK LOGISTICS,HASU1515250,1
HILLEBRAND BULK LOGISTICS,HLBU2292821,1
HAPAG LLOYD AG,HLBU2311120,1
HAPAG LLOYD AG,HLBU2116416,1
DHL GLOBAL FORWARDING UK LTD,SUDU8707160,1
DHL GLOBAL FORWARDING UK LTD,MRSU4477298,1
DHL GLOBAL FORWARDING UK LTD,MRKU6337184,1
DHL GLOBAL FORWARDING UK LTD,MRKU5796830,1
DHL GLOBAL FORWARDING UK LTD,MRKU5245062,1
DHL GLOBAL FORWARDING UK LTD,MRKU5060217,1
DHL GLOBAL FORWARDING UK LTD,MRKU4487360,1
DHL GLOBAL FORWARDING UK LTD,MRKU4389466,1
DHL GLOBAL FORWARDING UK LTD,MEDU9367854,1
DHL GLOBAL FORWARDING UK LTD,MEDU8591514,1
DHL GLOBAL FORWARDING UK LTD,MEDU4131315,1
DHL GLOBAL FORWARDING UK LTD,HLBU2839842,1
DHL GLOBAL FORWARDING UK LTD,HLBU2560708,1
DHL GLOBAL FORWARDING UK LTD,HLBU2076611,1
DHL GLOBAL FORWARDING UK LTD,HLBU1122461,1
DHL GLOBAL FORWARDING UK LTD,CAXU7210147,1
DHL GLOBAL FORWARDING UK LTD,CAAU5812201,1
DHL GLOBAL FORWARDING UK LTD,BMOU4287349,1
CMA (UK),TTNU5463829,1
CARDINAL MARITIME LTD,TTNU5991180,1
CARDINAL MARITIME LTD,MEDU4094973,1
BAKER LOGISTICS LTD,TRLU8089033,1
BAKER LOGISTICS LTD,MRSU4477298,1
ASPEN INTERNATIONAL FREIGHT,TGHU4208617,1
ARKTECH (NE) LIMITED,TRHU2555877,1
ALBATRANS LONDON (UK) LTD,UACU3919605,1
ALBATRANS LONDON (UK) LTD,TGBU3178521,1
DHL GLOBAL FORWARDING UK LTD,TCKU7247694,1
DHL GLOBAL FORWARDING UK LTD,TCNU3134890,1
DHL GLOBAL FORWARDING UK LTD,TCNU4328230,1
DHL GLOBAL FORWARDING UK LTD,TCNU5471077,1
HAPAG LLOYD AG,HLBU1767706,1
HAPAG LLOYD AG,HAMU1152110,1
HAPAG LLOYD AG,HAMU1059820,1
HAPAG LLOYD AG,GLDU5760250,1
HAPAG LLOYD AG,GCXU5107144,1
HAPAG LLOYD AG,FCIU7616718,1
HAPAG LLOYD AG,FCIU6568981,1
HAPAG LLOYD AG,CAIU8216425,1
HAPAG LLOYD AG,CAIU6957809,1
HAPAG LLOYD AG,BMOU6698225,1
HAPAG LLOYD AG,BMOU4971198,1
FITFLOP LTD,UETU2579085,1
FITFLOP LTD,TXGU5308102,1
HAPAG LLOYD AG,HLBU2211223,1
FITFLOP LTD,TCNU3559180,1
FITFLOP LTD,MSDU8070616,1
FITFLOP LTD,MSDU4134570,1
FITFLOP LTD,MBGU5202682,1
FITFLOP LTD,INKU6632526,1
FITFLOP LTD,INBU5472647,1
FITFLOP LTD,CRXU4993995,1
FITFLOP LTD,CMAU1006435,1
FITFLOP LTD,CAIU9702083,1
FCL GLOBAL FORWARDING,UACU3420621,1
FCL GLOBAL FORWARDING,HLXU1319838,1
FAR LOGISTICS LTD,MRSU4126879,1
DHL GLOBAL FORWARDING UK LTD,TLLU5047033,1
DHL GLOBAL FORWARDING UK LTD,TGBU6175336,1
FITFLOP LTD,TCKU2612238,1
HILLEBRAND BULK LOGISTICS,HLBU2295230,1
HILLEBRAND BULK LOGISTICS,HLBU2312580,1
HILLEBRAND BULK LOGISTICS,HLBU2316190,1
HILLEBRAND BULK LOGISTICS,TRHU2470358,1
HILLEBRAND BULK LOGISTICS,TLLU2431240,1
HILLEBRAND BULK LOGISTICS,TLLU2267034,1
HILLEBRAND BULK LOGISTICS,TGBU2254870,1
HILLEBRAND BULK LOGISTICS,TEMU4676766,1
HILLEBRAND BULK LOGISTICS,TEMU0697380,1
HILLEBRAND BULK LOGISTICS,TEMU0115812,1
HILLEBRAND BULK LOGISTICS,TCLU9951755,1
HILLEBRAND BULK LOGISTICS,TCLU7280787,1
HILLEBRAND BULK LOGISTICS,TCLU3278360,1
HILLEBRAND BULK LOGISTICS,TCLU2395762,1
HILLEBRAND BULK LOGISTICS,TCKU1199285,1
HILLEBRAND BULK LOGISTICS,SUDU7984792,1
HILLEBRAND BULK LOGISTICS,SUDU7957328,1
HILLEBRAND BULK LOGISTICS,SUDU7845734,1
HILLEBRAND BULK LOGISTICS,SEGU3648547,1
HILLEBRAND BULK LOGISTICS,SEGU3633660,1
HILLEBRAND BULK LOGISTICS,SEGU3629948,1
HILLEBRAND BULK LOGISTICS,SEGU3623045,1
HILLEBRAND BULK LOGISTICS,SEGU3612170,1
HILLEBRAND BULK LOGISTICS,MSKU7098471,1
HILLEBRAND BULK LOGISTICS,MSKU5262333,1
HILLEBRAND BULK LOGISTICS,MRSU0322575,1
HILLEBRAND BULK LOGISTICS,MRKU9806053,1
HILLEBRAND BULK LOGISTICS,MRKU9722712,1
HILLEBRAND BULK LOGISTICS,MRKU9555050,1
HILLEBRAND BULK LOGISTICS,MRKU8668427,1
HILLEBRAND BULK LOGISTICS,TRHU3998524,1
HILLEBRAND BULK LOGISTICS,TRLU9741995,1
HILLEBRAND BULK LOGISTICS,TTNU1074027,1
HILLEBRAND BULK LOGISTICS,TTNU1233900,1
HINE FREIGHT SERVICES LIMITED,EGHU9117428,1
HINE FREIGHT SERVICES LIMITED,EGHU8305035,1
HINE FREIGHT SERVICES LIMITED,DRYU9796360,1
HINE FREIGHT SERVICES LIMITED,DFSU6778317,1
HINE FREIGHT SERVICES LIMITED,CAIU7797500,1
HINE FREIGHT SERVICES LIMITED,CAAU5993537,1
HINE FREIGHT SERVICES LIMITED,BMOU5959495,1
HINE FREIGHT SERVICES LIMITED,BMOU5589873,1
HINE FREIGHT SERVICES LIMITED,BMOU5399739,1
HINE FREIGHT SERVICES LIMITED,BMOU4897911,1
HILLEBRAND BULK LOGISTICS,UETU2828064,1
HILLEBRAND BULK LOGISTICS,UETU2799536,1
HILLEBRAND BULK LOGISTICS,UETU2784834,1
HILLEBRAND BULK LOGISTICS,MRKU8332725,1
HILLEBRAND BULK LOGISTICS,UETU2761459,1
HILLEBRAND BULK LOGISTICS,UACU4167375,1
HILLEBRAND BULK LOGISTICS,UACU4159045,1
HILLEBRAND BULK LOGISTICS,UACU4139223,1
HILLEBRAND BULK LOGISTICS,UACU4089143,1
HILLEBRAND BULK LOGISTICS,UACU4038399,1
HILLEBRAND BULK LOGISTICS,UACU4004070,1
HILLEBRAND BULK LOGISTICS,UACU3977284,1
HILLEBRAND BULK LOGISTICS,UACU3949596,1
HILLEBRAND BULK LOGISTICS,UACU3883098,1
HILLEBRAND BULK LOGISTICS,UACU3832613,1
HILLEBRAND BULK LOGISTICS,UACU3777394,1
HILLEBRAND BULK LOGISTICS,UACU3709419,1
HILLEBRAND BULK LOGISTICS,UACU3707951,1
HILLEBRAND BULK LOGISTICS,UETU2059355,1
HILLEBRAND BULK LOGISTICS,MRKU7605548,1
HILLEBRAND BULK LOGISTICS,MRKU7393500,1
HILLEBRAND BULK LOGISTICS,MRKU7333100,1
HILLEBRAND BULK LOGISTICS,HLBU2955122,1
HILLEBRAND BULK LOGISTICS,HLBU2945968,1
HILLEBRAND BULK LOGISTICS,HLBU2742322,1
HILLEBRAND BULK LOGISTICS,HLBU2740000,1
HILLEBRAND BULK LOGISTICS,HLBU2739843,1
HILLEBRAND BULK LOGISTICS,HLBU2739308,1
HILLEBRAND BULK LOGISTICS,HLBU2730764,1
HILLEBRAND BULK LOGISTICS,HLBU2650015,1
HILLEBRAND BULK LOGISTICS,HLBU2645997,1
HILLEBRAND BULK LOGISTICS,HLBU2634668,1
HILLEBRAND BULK LOGISTICS,HLBU2631993,1
HILLEBRAND BULK LOGISTICS,HLBU2628428,1
HILLEBRAND BULK LOGISTICS,HLBU2626390,1
HILLEBRAND BULK LOGISTICS,HLBU2956113,1
HILLEBRAND BULK LOGISTICS,HLBU2619853,1
HILLEBRAND BULK LOGISTICS,HLBU2610814,1
HILLEBRAND BULK LOGISTICS,HLBU2603538,1
HILLEBRAND BULK LOGISTICS,HLBU2353017,1
HILLEBRAND BULK LOGISTICS,HLBU2352978,1
HILLEBRAND BULK LOGISTICS,HLBU2347668,1
HILLEBRAND BULK LOGISTICS,HLBU2346701,1
HILLEBRAND BULK LOGISTICS,HLBU2341715,1
HILLEBRAND BULK LOGISTICS,HLBU2337171,1
HILLEBRAND BULK LOGISTICS,HLBU2335461,1
HILLEBRAND BULK LOGISTICS,HLBU2333849,1
HILLEBRAND BULK LOGISTICS,HLBU2331002,1
HILLEBRAND BULK LOGISTICS,HLBU2325165,1
HILLEBRAND BULK LOGISTICS,HLBU2324390,1
HILLEBRAND BULK LOGISTICS,HLBU2615349,1
KUEHNE + NAGEL LTD,HLBU3237963,1
HILLEBRAND BULK LOGISTICS,HLBU2960480,1
HILLEBRAND BULK LOGISTICS,HLBU2967416,1
HILLEBRAND BULK LOGISTICS,MRKU6881182,1
HILLEBRAND BULK LOGISTICS,MRKU6640565,1
HILLEBRAND BULK LOGISTICS,HLXU3405961,1
HILLEBRAND BULK LOGISTICS,HLXU1419349,1
HILLEBRAND BULK LOGISTICS,HLXU1286565,1
HILLEBRAND BULK LOGISTICS,HLXU1133714,1
HILLEBRAND BULK LOGISTICS,HLBU3456853,1
HILLEBRAND BULK LOGISTICS,HLBU3454953,1
HILLEBRAND BULK LOGISTICS,HLBU3452204,1
HILLEBRAND BULK LOGISTICS,HLBU3450897,1
HILLEBRAND BULK LOGISTICS,HLBU3449242,1
HILLEBRAND BULK LOGISTICS,HLBU3064024,1
HILLEBRAND BULK LOGISTICS,HLBU3055275,1
HILLEBRAND BULK LOGISTICS,HLBU2966451,1
HILLEBRAND BULK LOGISTICS,HLBU3049478,1
HILLEBRAND BULK LOGISTICS,HLBU3036866,1
HILLEBRAND BULK LOGISTICS,HLBU3031988,1
HILLEBRAND BULK LOGISTICS,HLBU3031078,1
HILLEBRAND BULK LOGISTICS,HLBU3028562,1
HILLEBRAND BULK LOGISTICS,HLBU3023339,1
HILLEBRAND BULK LOGISTICS,HLBU3017233,1
HILLEBRAND BULK LOGISTICS,HLBU2998187,1
HILLEBRAND BULK LOGISTICS,HLBU2994258,1
HILLEBRAND BULK LOGISTICS,HLBU2986890,1
HILLEBRAND BULK LOGISTICS,HLBU2981672,1
HILLEBRAND BULK LOGISTICS,HLBU2979401,1
HILLEBRAND BULK LOGISTICS,HLBU2977688,1
HILLEBRAND BULK LOGISTICS,HLBU2967437,1
HILLEBRAND BULK LOGISTICS,HLBU3041688,1
KUEHNE + NAGEL LTD,KKTU8141230,1
WILSON GLOBAL LOGISTICS LTD,MEDU1730840,1
LV SHIPPING LTD,TGBU5046756,1
LIGENTIA INTERNATIONAL LTD,CLVU6023873,1
LIGENTIA INTERNATIONAL LTD,CLVU6022706,1
MAERSK A/S,MRKU7586807,1
LIGENTIA INTERNATIONAL LTD,TCIU4258511,1
LIGENTIA INTERNATIONAL LTD,CLVU6022692,1
LIGENTIA INTERNATIONAL LTD,CLVU6022671,1
LIGENTIA INTERNATIONAL LTD,CLVU6022408,1
LIGENTIA INTERNATIONAL LTD,NEWU2144244,1
LIGENTIA INTERNATIONAL LTD,TCIU4258620,1
LIGENTIA INTERNATIONAL LTD,TCIU5897590,1
LIGENTIA INTERNATIONAL LTD,CLVU6022373,1
LIGENTIA INTERNATIONAL LTD,CLVU6022331,1
LIGENTIA INTERNATIONAL LTD,CLVU6022326,1
LIGENTIA INTERNATIONAL LTD,CLVU6022286,1
LIGENTIA INTERNATIONAL LTD,CLVU6022239,1
LIGENTIA INTERNATIONAL LTD,CLVU6022223,1
LIGENTIA INTERNATIONAL LTD,CLVU6022389,1
LIGENTIA INTERNATIONAL LTD,CLVU6023960,1
LIGENTIA INTERNATIONAL LTD,CLVU6024057,1
LIGENTIA INTERNATIONAL LTD,TCIU4258492,1
MAERSK A/S,MRKU4757188,1
LIGENTIA INTERNATIONAL LTD,NEWU2144202,1
LIGENTIA INTERNATIONAL LTD,CLVU6025243,1
LIGENTIA INTERNATIONAL LTD,CLVU6025238,1
LV SHIPPING LTD,EGSU9194897,1
LIGENTIA INTERNATIONAL LTD,CLVU6025120,1
LIGENTIA INTERNATIONAL LTD,CLVU6025053,1
LIGENTIA INTERNATIONAL LTD,CLVU6025011,1
LIGENTIA INTERNATIONAL LTD,CLVU6024988,1
LIGENTIA INTERNATIONAL LTD,CLVU6024972,1
LIGENTIA INTERNATIONAL LTD,CLVU6024843,1
LIGENTIA INTERNATIONAL LTD,TCIU4258390,1
LIGENTIA INTERNATIONAL LTD,SAZU4009229,1
LIGENTIA INTERNATIONAL LTD,TCIU4258466,1
LIGENTIA INTERNATIONAL LTD,CLVU6024838,1
LIGENTIA INTERNATIONAL LTD,CLVU6024817,1
LIGENTIA INTERNATIONAL LTD,CLVU6024078,1
LIGENTIA INTERNATIONAL LTD,CLVU6021952,1
LIGENTIA INTERNATIONAL LTD,TCIU4258358,1
LIGENTIA INTERNATIONAL LTD,TCIU5897610,1
LIGENTIA INTERNATIONAL LTD,CLVU3900290,1
MAERSK A/S,MRKU7744461,1
LIGENTIA INTERNATIONAL LTD,TGHU2871092,1
LIGENTIA INTERNATIONAL LTD,PSSU3924307,1
LIGENTIA INTERNATIONAL LTD,TGHU2885542,1
LIGENTIA INTERNATIONAL LTD,TGHU3400311,1
MAERSK A/S,MAEU4658430,1
LIGENTIA INTERNATIONAL LTD,CLVU2404439,1
LIGENTIA INTERNATIONAL LTD,PSSU3924204,1
LIGENTIA INTERNATIONAL LTD,TGHU3819740,1
LIGENTIA INTERNATIONAL LTD,CLVU2404418,1
LIGENTIA INTERNATIONAL LTD,PSSU3925005,1
LIGENTIA INTERNATIONAL LTD,SKYU8084696,1
LIGENTIA INTERNATIONAL LTD,SEKU9146284,1
LIGENTIA INTERNATIONAL LTD,TITU8950610,1
LIGENTIA INTERNATIONAL LTD,TITU8950625,1
LIGENTIA INTERNATIONAL LTD,PSSU3925427,1
LIGENTIA INTERNATIONAL LTD,PSSU3924966,1
LIGENTIA INTERNATIONAL LTD,TGHU0390550,1
LIGENTIA INTERNATIONAL LTD,TGHU0025963,1
LIGENTIA INTERNATIONAL LTD,PSSU3923390,1
LIGENTIA INTERNATIONAL LTD,CLVU2404980,1
LIGENTIA INTERNATIONAL LTD,NEWU2144331,1
LIGENTIA INTERNATIONAL LTD,SJUU3340265,1
LIGENTIA INTERNATIONAL LTD,TCIU5897800,1
LIGENTIA INTERNATIONAL LTD,NEWU2144347,1
LIGENTIA INTERNATIONAL LTD,OOLU2851917,1
LIGENTIA INTERNATIONAL LTD,PSSU3914150,1
LIGENTIA INTERNATIONAL LTD,PSSU3914206,1
LIGENTIA INTERNATIONAL LTD,PSSU3914417,1
MAERSK A/S,MRKU7633534,1
LIGENTIA INTERNATIONAL LTD,PSSU3914422,1
LIGENTIA INTERNATIONAL LTD,PSSU3914850,1
LIGENTIA INTERNATIONAL LTD,TDTU1326639,1
LIGENTIA INTERNATIONAL LTD,PSSU3914905,1
MAERSK A/S,FCIU4273894,1
LIGENTIA INTERNATIONAL LTD,TEMU2485014,1
LIGENTIA INTERNATIONAL LTD,PSSU3914968,1
LIGENTIA INTERNATIONAL LTD,CLVU3900310,1
LIGENTIA INTERNATIONAL LTD,PSSU3926085,1
LIGENTIA INTERNATIONAL LTD,CLVU6025583,1
LIGENTIA INTERNATIONAL LTD,CLVU6026002,1
LIGENTIA INTERNATIONAL LTD,GATU1318660,1
LIGENTIA INTERNATIONAL LTD,KHLU6205120,1
LIGENTIA INTERNATIONAL LTD,SJUU3361571,1
LIGENTIA INTERNATIONAL LTD,SKYU8085840,1
LIGENTIA INTERNATIONAL LTD,SJUU3361421,1
LIGENTIA INTERNATIONAL LTD,DRYU2433851,1
MAERSK A/S,MRKU6632929,1
LIGENTIA INTERNATIONAL LTD,GATU1332462,1
LIGENTIA INTERNATIONAL LTD,CPWU2344747,1
LIGENTIA INTERNATIONAL LTD,CPWU2344500,1
LIGENTIA INTERNATIONAL LTD,SJUU3361294,1
LIGENTIA INTERNATIONAL LTD,CPWU2344460,1
LIGENTIA INTERNATIONAL LTD,KINU8001530,1
LIGENTIA INTERNATIONAL LTD,SJUU3361268,1
LIGENTIA INTERNATIONAL LTD,TCIU4257921,1
LIGENTIA INTERNATIONAL LTD,CPWU2344135,1
LIGENTIA INTERNATIONAL LTD,TCIU4257916,1
LIGENTIA INTERNATIONAL LTD,GESU3141877,1
LIGENTIA INTERNATIONAL LTD,IKSU2688055,1
LIGENTIA INTERNATIONAL LTD,SKYU8085619,1
LIGENTIA INTERNATIONAL LTD,SKYU2617550,1
LIGENTIA INTERNATIONAL LTD,SKYU8084823,1
LIGENTIA INTERNATIONAL LTD,IKSU2551890,1
LIGENTIA INTERNATIONAL LTD,SKYU8084891,1
LIGENTIA INTERNATIONAL LTD,IKSU2551925,1
MAERSK A/S,MRKU5540685,1
LIGENTIA INTERNATIONAL LTD,IKSU2551930,1
LIGENTIA INTERNATIONAL LTD,SKYU8085007,1
LIGENTIA INTERNATIONAL LTD,HJMU2102832,1
LIGENTIA INTERNATIONAL LTD,HJMU2044525,1
LIGENTIA INTERNATIONAL LTD,IKSU2552080,1
LIGENTIA INTERNATIONAL LTD,SKYU8085178,1
LIGENTIA INTERNATIONAL LTD,GESU3748979,1
LIGENTIA INTERNATIONAL LTD,GESU3394221,1
LIGENTIA INTERNATIONAL LTD,IKSU2552095,1
LIGENTIA INTERNATIONAL LTD,IKSU2552135,1
LIGENTIA INTERNATIONAL LTD,IKSU2552140,1
LIGENTIA INTERNATIONAL LTD,CPWU2344095,1
LIGENTIA INTERNATIONAL LTD,CLVU6025963,1
LIGENTIA INTERNATIONAL LTD,TCIU4257942,1
LIGENTIA INTERNATIONAL LTD,KINU8002141,1
LIGENTIA INTERNATIONAL LTD,TCIU4258189,1
LIGENTIA INTERNATIONAL LTD,CLVU6119928,1
LIGENTIA INTERNATIONAL LTD,NEWU2144178,1
LIGENTIA INTERNATIONAL LTD,CLVU6119867,1
LIGENTIA INTERNATIONAL LTD,CLVU6119682,1
LIGENTIA INTERNATIONAL LTD,CLVU6119661,1
LIGENTIA INTERNATIONAL LTD,CLVU6118963,1
LIGENTIA INTERNATIONAL LTD,CLVU6119980,1
LIGENTIA INTERNATIONAL LTD,CLVU6118773,1
LIGENTIA INTERNATIONAL LTD,TCIU4258321,1
LIGENTIA INTERNATIONAL LTD,TCIU4258342,1
LIGENTIA INTERNATIONAL LTD,CLVU6118454,1
LIGENTIA INTERNATIONAL LTD,CLVU6118449,1
LIGENTIA INTERNATIONAL LTD,CLVU6118367,1
LIGENTIA INTERNATIONAL LTD,SJUU3340964,1
LIGENTIA INTERNATIONAL LTD,CLVU6026297,1
LIGENTIA INTERNATIONAL LTD,TCIU4258316,1
LIGENTIA INTERNATIONAL LTD,CLVU6120180,1
LIGENTIA INTERNATIONAL LTD,CLVU6120214,1
MAERSK A/S,HASU1252894,1
MAERSK A/S,MRKU7477431,1
LIGENTIA INTERNATIONAL LTD,SJUU3361170,1
LIGENTIA INTERNATIONAL LTD,KINU8002157,1
LIGENTIA INTERNATIONAL LTD,CPWU2344048,1
LIGENTIA INTERNATIONAL LTD,TCIU4257963,1
MAERSK A/S,HASU1414296,1
LIGENTIA INTERNATIONAL LTD,MAXU2417018,1
LIGENTIA INTERNATIONAL LTD,SJUU3360770,1
LIGENTIA INTERNATIONAL LTD,TCIU4257990,1
MAERSK A/S,MRKU5340922,1
LIGENTIA INTERNATIONAL LTD,TCIU4258002,1
LIGENTIA INTERNATIONAL LTD,COYU4150113,1
LIGENTIA INTERNATIONAL LTD,NEWU2144049,1
LIGENTIA INTERNATIONAL LTD,CNIU1211603,1
LIGENTIA INTERNATIONAL LTD,TCIU4258065,1
LIGENTIA INTERNATIONAL LTD,TCIU4258086,1
LIGENTIA INTERNATIONAL LTD,CNIU1157647,1
LIGENTIA INTERNATIONAL LTD,CPWU2344080,1
LIGENTIA INTERNATIONAL LTD,SEKU9146181,1
LIGENTIA INTERNATIONAL LTD,PSSU3925319,1
LIGENTIA INTERNATIONAL LTD,IKSU2551761,1
LIGENTIA INTERNATIONAL LTD,VICU0502998,1
LIGENTIA INTERNATIONAL LTD,VICU0502792,1
KUEHNE + NAGEL LTD,TTNU4897311,1
LIGENTIA INTERNATIONAL LTD,PSSU3951149,1
KUEHNE + NAGEL LTD,TTNU5967012,1
LIGENTIA INTERNATIONAL LTD,WBXU2088298,1
KUEHNE + NAGEL LTD,UACU8199200,1
KUEHNE + NAGEL LTD,UACU8265831,1
KUEHNE + NAGEL LTD,UACU8308105,1
MA LOGISTICS LTD,TCNU6990971,1
LIGENTIA INTERNATIONAL LTD,PSSU3951133,1
KUEHNE + NAGEL LTD,UACU8341891,1
MAERSK A/S,CAAU5176732,1
KUEHNE + NAGEL LTD,UACU8410652,1
KUEHNE + NAGEL LTD,TCLU4135960,1
KUEHNE + NAGEL LTD,TCLU3135522,1
LIGENTIA INTERNATIONAL LTD,UESU2462238,1
LIGENTIA  INTERNATIONAL LTD,DFSU2264053,1
LIGENTIA INTERNATIONAL LTD,PSSU3949028,1
KUEHNE + NAGEL LTD,UETU2596375,1
KUEHNE + NAGEL LTD,UACU8555511,1
LIGENTIA INTERNATIONAL LTD,SAZU4009044,1
LIGENTIA INTERNATIONAL LTD,WBXU2088868,1
LIGENTIA INTERNATIONAL LTD,VICU0503145,1
KUEHNE + NAGEL LTD,UACU8551223,1
LIGENTIA INTERNATIONAL LTD,SAZU4009569,1
LIGENTIA INTERNATIONAL LTD,WBXU2088615,1
LIGENTIA INTERNATIONAL LTD,TTMU1213350,1
LIGENTIA INTERNATIONAL LTD,PSSU3949286,1
KUEHNE + NAGEL LTD,NYKU9876225,1
LIGENTIA INTERNATIONAL LTD,PSSU3949429,1
KUEHNE + NAGEL LTD,UACU8531530,1
KUEHNE + NAGEL LTD,TRHU3968094,1
KUEHNE + NAGEL LTD,TRHU3911458,1
LIGENTIA INTERNATIONAL LTD,PSSU3952000,1
LIGENTIA INTERNATIONAL LTD,PSSU3952490,1
LIGENTIA INTERNATIONAL LTD,SAZU4009390,1
LIGENTIA INTERNATIONAL LTD,SAZU4009363,1
KUEHNE + NAGEL LTD,TEMU5078590,1
KUEHNE + NAGEL LTD,TEMU0585610,1
LIGENTIA INTERNATIONAL LTD,WBXU2081760,1
MAERSK A/S,MRKU0270993,1
LIGENTIA INTERNATIONAL LTD,PSSU3952818,1
LIGENTIA INTERNATIONAL LTD,SAZU4009342,1
MAERSK A/S,MRKU8040132,1
MAERSK A/S,MRKU8478371,1
KUEHNE + NAGEL LTD,TCLU7378135,1
KUEHNE + NAGEL LTD,TCLU6875501,1
LIGENTIA INTERNATIONAL LTD,VICU0503567,1
LIGENTIA INTERNATIONAL LTD,SAZU2007551,1
LIGENTIA  INTERNATIONAL LTD,TCNU1627217,1
KUEHNE + NAGEL LTD,TEMU5786080,1
KUEHNE + NAGEL LTD,TGBU3284164,1
LIGENTIA INTERNATIONAL LTD,VICU0503320,1
LIGENTIA INTERNATIONAL LTD,SAZU4009492,1
MAERSK A/S,MRKU7894034,1
KUEHNE + NAGEL LTD,TRHU2707075,1
LIGENTIA INTERNATIONAL LTD,WBXU2081842,1
KUEHNE + NAGEL LTD,TCLU4176660,1
MAERSK A/S,MRKU8574035,1
KUEHNE + NAGEL LTD,TRHU2442973,1
KUEHNE + NAGEL LTD,TRHU1651958,1
LIGENTIA INTERNATIONAL LTD,VICU0503422,1
LIGENTIA INTERNATIONAL LTD,VICU0503459,1
LIGENTIA INTERNATIONAL LTD,PSSU3952314,1
KUEHNE + NAGEL LTD,TLLU2548387,1
KUEHNE + NAGEL LTD,TCLU4412513,1
LIGENTIA INTERNATIONAL LTD,WBXU2081800,1
LIGENTIA INTERNATIONAL LTD,WBXU2081631,1
LIGENTIA INTERNATIONAL LTD,WBXU2088889,1
LIGENTIA INTERNATIONAL LTD,PSSU3948130,1
LIGENTIA INTERNATIONAL LTD,PSSU3948464,1
LIGENTIA INTERNATIONAL LTD,CLVU2402225,1
LIGENTIA INTERNATIONAL LTD,PSSU3941454,1
LIGENTIA INTERNATIONAL LTD,SEKU9145890,1
LIGENTIA INTERNATIONAL LTD,TTMU1212143,1
LIGENTIA INTERNATIONAL LTD,WFHU1188777,1
KUEHNE + NAGEL LTD,MSDU1806109,1
LIGENTIA INTERNATIONAL LTD,WNGU1003449,1
LIGENTIA INTERNATIONAL LTD,PSSU3941330,1
KUEHNE + NAGEL LTD,MSDU1235123,1
KUEHNE + NAGEL LTD,MOAU1402980,1
LV SHIPPING LTD,CAAU5446904,1
LIGENTIA INTERNATIONAL LTD,CLVU2402272,1
LIGENTIA INTERNATIONAL LTD,CLVU2402333,1
LIGENTIA INTERNATIONAL LTD,CLVU2402190,1
LIGENTIA INTERNATIONAL LTD,PSSU3937217,1
LIGENTIA INTERNATIONAL LTD,PSSU3937135,1
LIGENTIA INTERNATIONAL LTD,TITU8950630,1
LIGENTIA INTERNATIONAL LTD,CLVU2402626,1
LIGENTIA INTERNATIONAL LTD,CLVU2402631,1
LIGENTIA INTERNATIONAL LTD,PSSU3935981,1
LIGENTIA INTERNATIONAL LTD,CLVU2402668,1
LIGENTIA INTERNATIONAL LTD,CLVU2402673,1
LIGENTIA INTERNATIONAL LTD,PSSU3933572,1
LV SHIPPING LTD,DRYU2693859,1
KUEHNE + NAGEL LTD,KKTU8188807,1
LIGENTIA INTERNATIONAL LTD,CLVU2402863,1
LIGENTIA INTERNATIONAL LTD,CLVU2403155,1
LIGENTIA INTERNATIONAL LTD,PSSU3927440,1
LIGENTIA INTERNATIONAL LTD,CLVU2404070,1
LIGENTIA INTERNATIONAL LTD,CLVU2402349,1
LIGENTIA INTERNATIONAL LTD,WBXU2089041,1
MAERSK A/S,MRKU2913656,1
LIGENTIA INTERNATIONAL LTD,CLVU2402122,1
LIGENTIA  INTERNATIONAL LTD,UETU5743000,1
LIGENTIA INTERNATIONAL LTD,PSSU3947853,1
MAERSK A/S,MCRU2065935,1
LIGENTIA INTERNATIONAL LTD,TTMU1213319,1
LIGENTIA INTERNATIONAL LTD,TTMU1213303,1
LIGENTIA INTERNATIONAL LTD,CLHU3745600,1
LIGENTIA INTERNATIONAL LTD,TTMU1212987,1
LIGENTIA INTERNATIONAL LTD,TTMU1212966,1
LIGENTIA INTERNATIONAL LTD,TTMU1212760,1
LIGENTIA INTERNATIONAL LTD,PSSU3944860,1
LIGENTIA INTERNATIONAL LTD,PSSU3944432,1
LIGENTIA INTERNATIONAL LTD,CLHU3926276,1
LIGENTIA INTERNATIONAL LTD,TTMU1212740,1
LIGENTIA INTERNATIONAL LTD,PSSU3941602,1
KUEHNE + NAGEL LTD,NYKU9785655,1
LIGENTIA INTERNATIONAL LTD,PSSU3944263,1
LIGENTIA INTERNATIONAL LTD,CLVU1811506,1
LIGENTIA INTERNATIONAL LTD,PSSU3942050,1
LIGENTIA INTERNATIONAL LTD,CLVU2402077,1
LIGENTIA INTERNATIONAL LTD,CLVU2402040,1
KUEHNE + NAGEL LTD,NYKU3405911,1
LIGENTIA INTERNATIONAL LTD,TTMU1212673,1
KUEHNE + NAGEL LTD,NYKU3777837,1
LIGENTIA INTERNATIONAL LTD,CLVU2402020,1
LIGENTIA INTERNATIONAL LTD,PSSU3942770,1
LIGENTIA INTERNATIONAL LTD,CLVU1812035,1
LIGENTIA INTERNATIONAL LTD,TTMU1212694,1
LIGENTIA INTERNATIONAL LTD,PSSU3943842,1
KUEHNE + NAGEL LTD,NYKU3613617,1
KUEHNE + NAGEL LTD,KKTU8152527,1
LIGENTIA INTERNATIONAL LTD,PSSU3943713,1
KUEHNE + NAGEL LTD,TCLU4424094,1
NISSAN MOTOR MANUFACTURING UK,BEAU5423430,2
NISSAN MOTOR MANUFACTURING UK,CAAU5307576,2
HILLEBRAND BULK LOGISTICS,SUDU7836120,2
OCEAN NETWORK EXPRESS PTE LTD,TLLU6157328,2
NISSAN MOTOR MANUFACTURING UK,TCKU6032259,2
NISSAN MOTOR MANUFACTURING UK,SUDU8999626,2
NISSAN MOTOR MANUFACTURING UK,BMOU4698801,2
NISSAN MOTOR MANUFACTURING UK,CAAU5183140,2
HILLEBRAND BULK LOGISTICS,HLXU3377411,2
OCEAN NETWORK EXPRESS PTE LTD,TCLU4227813,2
NISSAN MOTOR MANUFACTURING UK,BSIU9104359,2
LIGENTIA INTERNATIONAL LTD,SJUU3340199,2
NISSAN MOTOR MANUFACTURING UK,TCKU7603840,2
OCEAN NETWORK EXPRESS PTE LTD,TCLU8857554,2
NISSAN MOTOR MANUFACTURING UK,TCLU5013713,2
HILLEBRAND BULK LOGISTICS,MRKU9650973,2
NISSAN MOTOR MANUFACTURING UK,TCKU7644618,2
NISSAN MOTOR MANUFACTURING UK,TCKU7684009,2
NISSAN MOTOR MANUFACTURING UK,BMOU4160816,2
LIGENTIA INTERNATIONAL LTD,SEKU9146047,2
NISSAN MOTOR MANUFACTURING UK,BMOU6601567,2
NISSAN MOTOR MANUFACTURING UK,TCLU1574547,2
NISSAN MOTOR MANUFACTURING UK,TCLU1805230,2
NISSAN MOTOR MANUFACTURING UK,BEAU5493709,2
HILLEBRAND BULK LOGISTICS,MRKU9962420,2
HILLEBRAND BULK LOGISTICS,MRSU0269819,2
NISSAN MOTOR MANUFACTURING UK,TCKU6729264,2
NISSAN MOTOR MANUFACTURING UK,TCLU5672710,2
HILLEBRAND BULK LOGISTICS,HLBU3457649,2
NISSAN MOTOR MANUFACTURING UK,TCLU5631985,2
OCEAN NETWORK EXPRESS PTE LTD,TLLU5700908,2
NISSAN MOTOR MANUFACTURING UK,TCKU7084508,2
OCEAN NETWORK EXPRESS PTE LTD,TCNU5604360,2
HILLEBRAND BULK LOGISTICS,HLXU1033910,2
LIGENTIA INTERNATIONAL LTD,SAZU4009553,2
HILLEBRAND BULK LOGISTICS,MSKU5143993,2
HILLEBRAND BULK LOGISTICS,HLXU1271971,2
NISSAN MOTOR MANUFACTURING UK,TCKU7290140,2
HILLEBRAND BULK LOGISTICS,MRSU0294982,2
NISSAN MOTOR MANUFACTURING UK,BEAU5741596,2
HILLEBRAND BULK LOGISTICS,MRKU7850695,2
DHL GLOBAL FORWARDING UK LTD,TGBU9352857,2
NISSAN MOTOR MANUFACTURING UK,TCNU6272830,2
NISSAN MOTOR MANUFACTURING UK,TCLU7825064,2
HILLEBRAND BULK LOGISTICS,BSIU3260673,2
MAERSK BATTERY PLANT,MRSU4275511,2
MAERSK BATTERY PLANT,MSKU0284094,2
MAERSK BATTERY PLANT,MSKU1483531,2
NISSAN MOTOR MANUFACTURING UK,TLLU5255356,2
HILLEBRAND BULK LOGISTICS,FBIU0452312,2
HILLEBRAND BULK LOGISTICS,FBIU0465860,2
MAERSK BATTERY PLANT,MSKU2724309,2
MAERSK BATTERY PLANT,MSKU3201072,2
NISSAN MOTOR MANUFACTURING UK,TLLU4284914,2
HILLEBRAND BULK LOGISTICS,FCIU6287264,2
MAERSK A/S,CAAU5307576,2
MAERSK BATTERY PLANT,MSKU9851199,2
HILLEBRAND BULK LOGISTICS,FCIU6315279,2
MAERSK BATTERY PLANT,MRKU4729967,2
HILLEBRAND BULK LOGISTICS,FCIU6326519,2
MAERSK BATTERY PLANT,TCKU6155567,2
MAERSK BATTERY PLANT,TCKU7017006,2
MAERSK BATTERY PLANT,TCKU7290140,2
LIGENTIA INTERNATIONAL LTD,TITU8950688,2
FITFLOP LTD,FFAU2081581,2
LIGENTIA INTERNATIONAL LTD,TITU8950646,2
NISSAN MOTOR MANUFACTURING UK,TGHU6125960,2
HILLEBRAND BULK LOGISTICS,GCXU2191439,2
NISSAN MOTOR MANUFACTURING UK,TGBU9352857,2
MAERSK BATTERY PLANT,TRHU4041711,2
MAERSK BATTERY PLANT,TRHU4050138,2
NISSAN MOTOR MANUFACTURING UK,TGBU6801960,2
MAERSK BATTERY PLANT,TRHU5660602,2
HILLEBRAND BULK LOGISTICS,HAMU1106856,2
NISSAN MOTOR MANUFACTURING UK,TGHU9742435,2
NISSAN MOTOR MANUFACTURING UK,TGBU6660033,2
OCEAN NETWORK EXPRESS PTE LTD,KKFU1817272,2
MAERSK BATTERY PLANT,MRKU4432310,2
NISSAN MOTOR MANUFACTURING UK,UETU5238816,2
NISSAN MOTOR MANUFACTURING UK,UESU2228765,2
NISSAN MOTOR MANUFACTURING UK,UACU5825660,2
HAPAG LLOYD AG,BEAU4191330,2
NISSAN MOTOR MANUFACTURING UK,TTNU1035864,2
MAERSK A/S,TCNU8221174,2
NISSAN MOTOR MANUFACTURING UK,TRHU8368528,2
NISSAN MOTOR MANUFACTURING UK,TRHU7663637,2
MAERSK BATTERY PLANT,HASU4410294,2
LIGENTIA INTERNATIONAL LTD,VICU0503504,2
NISSAN MOTOR MANUFACTURING UK,TRHU7420534,2
HAPAG LLOYD AG,HLBU2282058,2
LIGENTIA INTERNATIONAL LTD,VICU0503490,2
MAERSK BATTERY PLANT,MNBU0184853,2
NISSAN MOTOR MANUFACTURING UK,TLLU5918361,2
NISSAN MOTOR MANUFACTURING UK,TRHU4841057,2
HAPAG LLOYD AG,HLBU3347549,2
FITFLOP LTD,MSCU5661714,2
FITFLOP LTD,MEDU4310882,2
NISSAN MOTOR MANUFACTURING UK,TRHU4417521,2
MAERSK BATTERY PLANT,MNBU4091867,2
MAERSK BATTERY PLANT,MRKU2031508,2
MAERSK BATTERY PLANT,MRKU2660985,2
OCEAN NETWORK EXPRESS PTE LTD,FCIU9765686,2
HELLMANN WORLDWIDE LOGISTICS,MSKU7801331,2
HELLMANN WORLDWIDE LOGISTICS,SUDU1712462,2
NISSAN MOTOR MANUFACTURING UK,TRHU2440477,2
HILLEBRAND BULK LOGISTICS,BMOU1409968,2
NISSAN MOTOR MANUFACTURING UK,TRHU1567359,2
NISSAN MOTOR MANUFACTURING UK,TLLU8224549,2
NISSAN MOTOR MANUFACTURING UK,TRHU4837674,2
NISSAN MOTOR MANUFACTURING UK,BEAU5232747,2
HILLEBRAND BULK LOGISTICS,HAMU1119766,2
NISSAN MOTOR MANUFACTURING UK,TGBU5297746,2
NISSAN MOTOR MANUFACTURING UK,TCNU5555619,2
LIGENTIA INTERNATIONAL LTD,TCIU4258194,2
HILLEBRAND BULK LOGISTICS,HLBU2629147,2
DHL GLOBAL FORWARDING UK LTD,TRHU5674519,2
NISSAN MOTOR MANUFACTURING UK,TCNU4112431,2
LIGENTIA INTERNATIONAL LTD,TCIU4258044,2
NISSAN MOTOR MANUFACTURING UK,TCNU3194625,2
NISSAN MOTOR MANUFACTURING,MNBU3816347,2
LIGENTIA INTERNATIONAL LTD,TCIU4257984,2
NISSAN MOTOR MANUFACTURING,MNBU4090813,2
HILLEBRAND BULK LOGISTICS,HLBU2951338,2
LIGENTIA INTERNATIONAL LTD,TCIU4257958,2
NISSAN MOTOR MANUFACTURING,MRSU3939792,2
NISSAN MOTOR MANUFACTURING UK,TCNU1126982,2
HILLEBRAND BULK LOGISTICS,HLBU2362662,2
NISSAN MOTOR MANUFACTURING UK,AMFU8792696,2
NISSAN MOTOR MANUFACTURING UK,TCLU9683837,2
NISSAN MOTOR MANUFACTURING UK,TCLU9621223,2
NISSAN MOTOR MANUFACTURING UK,TCLU9275331,2
HILLEBRAND BULK LOGISTICS,HLBU2979090,2
LIGENTIA INTERNATIONAL LTD,SKYU8085820,2
NISSAN MOTOR MANUFACTURING UK,TCLU8816787,2
NISSAN MOTOR MANUFACTURING UK,TCLU8733363,2
NISSAN MOTOR MANUFACTURING UK,BEAU2009175,2
HILLEBRAND BULK LOGISTICS,HLBU2994197,2
HILLEBRAND BULK LOGISTICS,HLBU2998058,2
NISSAN MOTOR MANUFACTURING UK,TCLU8265853,2
HILLEBRAND BULK LOGISTICS,HLBU3016833,2
OCEAN NETWORK EXPRESS PTE LTD,TCKU4636429,2
NISSAN MOTOR MANUFACTURING UK,BEAU5103729,2
NISSAN MOTOR MANUFACTURING UK,TCLU9704328,2
OCEAN NETWORK EXPRESS PTE LTD,MOFU0645904,2
NIPPON EXPRESS (UK) LIMITED,TEMU6538405,2
NIPPON EXPRESS (UK) LIMITED,TCNU6720981,2
HILLEBRAND BULK LOGISTICS,HAMU1125202,2
LIGENTIA INTERNATIONAL LTD,TITU8950590,2
HILLEBRAND BULK LOGISTICS,HLBU1029467,2
HILLEBRAND BULK LOGISTICS,HLBU1031490,2
OCEAN NETWORK EXPRESS PTE LTD,MOTU6735872,2
NISSAN MOTOR MANUFACTURING UK,TEMU6524274,2
NISSAN MOTOR MANUFACTURING UK,TEMU6168511,2
HILLEBRAND BULK LOGISTICS,HLBU1346939,2
LIGENTIA INTERNATIONAL LTD,TGHU0952282,2
NIPPON EXPRESS (UK) LIMITED,FTAU1330877,2
NIPPON EXPRESS (UK) LIMITED,GESU6606303,2
HILLEBRAND BULK LOGISTICS,HLBU1736794,2
HILLEBRAND BULK LOGISTICS,HLBU1832421,2
NISSAN MOTOR MANUFACTURING UK,TCNU8634075,2
LIGENTIA INTERNATIONAL LTD,TCIU4258379,2
NIPPON EXPRESS (UK) LIMITED,MOFU6703612,2
NISSAN MOTOR MANUFACTURING UK,TCNU8221174,2
MAERSK A/S,HASU1048453,2
NIPPON EXPRESS (UK) LIMITED,MOTU6735872,2
LIGENTIA INTERNATIONAL LTD,TCKU2455355,2
OCEAN NETWORK EXPRESS PTE LTD,NYKU3767206,2
MAERSK A/S,MSKU9284691,2
HILLEBRAND BULK LOGISTICS,HLBU2306524,2
HILLEBRAND BULK LOGISTICS,HLBU2312018,2
NIPPON EXPRESS (UK) LIMITED,SEGU4518933,2
HILLEBRAND BULK LOGISTICS,HLBU2315336,2
NISSAN MOTOR MANUFACTURING UK,TCNU6505438,2
NISSAN MOTOR MANUFACTURING UK,TCNU6338428,2
NIPPON EXPRESS (UK) LIMITED,TCLU6757263,2
HILLEBRAND BULK LOGISTICS,HLBU2343831,2
NISSAN MOTOR MANUFACTURING UK,TCNU8221913,2
DHL GLOBAL FORWARDING UK LTD,TCLU9704328,2
NISSAN MOTOR MANUFACTURING UK,MRKU3748936,2
NISSAN MOTOR MANUFACTURING UK,SUDU8840491,2
VIPA LAUSANNE SA,MSKU0284094,2
LIGENTIA INTERNATIONAL LTD,CLVU2404125,2
LIGENTIA INTERNATIONAL LTD,CLVU2404090,2
LIGENTIA INTERNATIONAL LTD,CLVU2403221,2
LIGENTIA INTERNATIONAL LTD,CLVU2402800,2
VIPA LAUSANNE SA,MSKU1271065,2
KOMATSU UK LTD (CON),MSKU6672456,2
LIGENTIA INTERNATIONAL LTD,CLVU2402647,2
LIGENTIA INTERNATIONAL LTD,CLVU2402354,2
NISSAN MOTOR MANUFACTURING UK,MRSU4089986,2
NISSAN MOTOR MANUFACTURING UK,MRSU4071436,2
KOMATSU UK LTD (CON),NYKU0798899,2
VIPA LAUSANNE SA,MSKU1483531,2
NISSAN MOTOR MANUFACTURING UK,MNBU3816347,2
NISSAN MOTOR MANUFACTURING UK,MRSU4326223,2
KOMATSU UK LTD (CON),NYKU9706830,2
MAERSK A/S,MRSU5536712,2
NISSAN MOTOR MANUFACTURING UK,MRSU3816782,2
LIGENTIA INTERNATIONAL LTD,CLVU2402246,2
NISSAN MOTOR MANUFACTURING UK,MRSU3763466,2
NISSAN MOTOR MANUFACTURING UK,MRSU3707499,2
NISSAN MOTOR MANUFACTURING UK,MNBU4090813,2
NISSAN MOTOR MANUFACTURING UK,MRSU3556010,2
VIPA LAUSANNE SA,MSKU9284691,2
VIPA LAUSANNE SA,MSKU9556995,2
LIGENTIA INTERNATIONAL LTD,CLVU1812077,2
KOMATSU UK LTD (CON),PONU1831236,2
NISSAN MOTOR MANUFACTURING UK,MRKU0004993,2
KOMATSU UK LTD (CON),PONU1920164,2
NISSAN MOTOR MANUFACTURING UK,MRKU0152310,2
VIPA LAUSANNE SA,MSKU1599820,2
KOMATSU UK LTD (CON),MSKU6235862,2
MAERSK A/S,MRSU5538926,2
KOMATSU UK LTD (CON),MSKU2757513,2
DHL GLOBAL FORWARDING UK LTD,HLBU1950722,2
KOMATSU UK LTD (CON),MRKU3329056,2
KOMATSU UK LTD (CON),MRKU3431345,2
NISSAN MOTOR MANUFACTURING UK,MSKU0647311,2
VIPA LAUSANNE SA,MRKU5211231,2
DHL GLOBAL FORWARDING UK LTD,HLBU1629100,2
VIPA LAUSANNE SA,MRKU5782483,2
NISSAN MOTOR MANUFACTURING UK,MSKU0536391,2
NISSAN MOTOR MANUFACTURING UK,KKFU8117115,2
DHL GLOBAL FORWARDING UK LTD,CAIU7315465,2
KOMATSU UK LTD (CON),MRKU5211231,2
KOMATSU UK LTD (CON),MRKU5447818,2
KOMATSU UK LTD (CON),MRKU5468997,2
KOMATSU UK LTD (CON),MRKU5587147,2
KOMATSU UK LTD (CON),MRKU6404528,2
NISSAN MOTOR MANUFACTURING UK,MSKU0281979,2
KOMATSU UK LTD (CON),MRKU6460028,2
DHL GLOBAL FORWARDING UK LTD,BMOU4485869,2
KOMATSU UK LTD (CON),MSKU1599820,2
KOMATSU UK LTD (CON),MSKU1411906,2
DHL GLOBAL FORWARDING UK LTD,CAAU5676450,2
KOMATSU UK LTD (CON),MSKU1081044,2
KOMATSU UK LTD (CON),MSKU0281979,2
CMA (UK),FCIU6227835,2
NISSAN MOTOR MANUFACTURING UK,MIEU3043720,2
KOMATSU UK LTD (CON),MRSU5036450,2
NISSAN MOTOR MANUFACTURING UK,MCRU2002789,2
NISSAN MOTOR MANUFACTURING UK,MCRU2000976,2
NISSAN MOTOR MANUFACTURING UK,MSKU0085960,2
LIGENTIA INTERNATIONAL LTD,CLVU2404676,2
VIPA LAUSANNE SA,MRKU6404528,2
KOMATSU UK LTD (CON),MRSU5038520,2
NISSAN MOTOR MANUFACTURING UK,MRKU9667364,2
KOMATSU UK LTD (CON),SEAU8608460,2
KOMATSU UK LTD (CON),SEGU5047479,2
KOMATSU UK LTD (CON),TGHU6552278,2
NISSAN MOTOR MANUFACTURING UK,MRKU3007912,2
KOMATSU UK LTD (CON),TLLU5707902,2
KOMATSU UK LTD (CON),TLLU5918361,2
NISSAN MOTOR MANUFACTURING UK,MRKU3022922,2
VIPA LAUSANNE SA,TCLU8179924,2
NISSAN MOTOR MANUFACTURING UK,MRKU4738819,2
VIPA LAUSANNE SA,TCNU1120650,2
NISSAN MOTOR MANUFACTURING UK,MRKU4729967,2
NISSAN MOTOR MANUFACTURING UK,MRKU3123717,2
NISSAN MOTOR MANUFACTURING UK,MRKU3131477,2
KUEHNE + NAGEL LTD,TCLU4771010,2
NISSAN MOTOR MANUFACTURING UK,MRKU3150543,2
KOMATSU UK LTD (CON),UETU5841033,2
NISSAN MOTOR MANUFACTURING UK,MRKU4432310,2
NISSAN MOTOR MANUFACTURING UK,MRKU3326674,2
NISSAN MOTOR MANUFACTURING UK,MRKU4422944,2
NISSAN MOTOR MANUFACTURING UK,MRKU3787932,2
KUEHNE + NAGEL LTD,KKTU8011940,2
KUEHNE + NAGEL LTD,HLXU5239089,2
NISSAN MOTOR MANUFACTURING UK,MRKU3593639,2
NISSAN MOTOR MANUFACTURING UK,MRKU3899439,2
KUEHNE + NAGEL LTD,HLBU1801204,2
VIPA LAUSANNE SA,TCLU5595126,2
NISSAN MOTOR MANUFACTURING UK,MRKU3552732,2
VIPA LAUSANNE SA,TRHU4041711,2
NISSAN MOTOR MANUFACTURING UK,MRKU4101564,2
KUEHNE + NAGEL LTD,FCIU6487684,2
KUEHNE + NAGEL LTD,NYKU9847443,2
MAERSK A/S,MRKU9348731,2
VIPA LAUSANNE SA,TGHU6585820,2
KUEHNE + NAGEL LTD,MSDU4029131,2
NISSAN MOTOR MANUFACTURING UK,CAAU5932655,2
NISSAN MOTOR MANUFACTURING UK,MRKU5234514,2
NISSAN MOTOR MANUFACTURING UK,MRKU5396290,2
NISSAN MOTOR MANUFACTURING UK,MRKU9065114,2
NISSAN MOTOR MANUFACTURING UK,MRKU8952388,2
NISSAN MOTOR MANUFACTURING UK,MRKU8532106,2
LIGENTIA INTERNATIONAL LTD,CLHU3820221,2
NISSAN MOTOR MANUFACTURING UK,MRKU2031508,2
NISSAN MOTOR MANUFACTURING UK,MRKU8099043,2
VIPA LAUSANNE SA,MSKU9851199,2
KOMATSU UK LTD (CON),SUDU8881309,2
NISSAN MOTOR MANUFACTURING UK,MRKU2187620,2
NISSAN MOTOR MANUFACTURING UK,MRKU6896557,2
NISSAN MOTOR MANUFACTURING UK,MRKU6881182,2
NISSAN MOTOR MANUFACTURING UK,MRKU6484610,2
KOMATSU UK LTD (CON),TCLU3397780,2
NISSAN MOTOR MANUFACTURING UK,MRKU6360707,2
MAERSK A/S,MRKU7790024,2
CARDINAL MARITIME LTD,MSCU4878217,2
NISSAN MOTOR MANUFACTURING UK,MRKU2405510,2
BERLIN PACKAGING UK LTD,TCLU5595126,2
KOMATSU UK LTD (CON),TGBU6801960,2
KOMATSU UK LTD (CON),TEMU8900010,2
NISSAN MOTOR MANUFACTURING UK,MRKU2739647,2
VIPA LAUSANNE SA,TCKU6155567,2
KOMATSU UK LTD (CON),TCNU5604360,2
NISSAN MOTOR MANUFACTURING UK,MRKU5325363,2
KOMATSU UK LTD (CON),TCNU4277283,2
KOMATSU UK LTD (CON),TCLU9309323,2
KUEHNE + NAGEL LTD,UACU8399471,2
KOMATSU UK LTD (CON),TCLU7969436,2
MAERSK A/S,MRSU3816782,2
NISSAN MOTOR MANUFACTURING UK,MRKU2407909,2
NISSAN MOTOR MANUFACTURING UK,MRKU6181065,2
KUEHNE + NAGEL LTD,UACU8320374,2
NISSAN MOTOR MANUFACTURING UK,KKFU8094581,2
KOMATSU UK LTD (CON),MRKU2099278,2
KOMATSU UK LTD (CON),MRKU0989797,2
LIGENTIA INTERNATIONAL LTD,PSSU3925788,2
NISSAN MOTOR MANUFACTURING UK,PONU7411380,2
LIGENTIA INTERNATIONAL LTD,PSSU3925108,2
DHL GLOBAL FORWARDING UK LTD,MRSU4158011,2
HINE FREIGHT SERVICES LIMITED,FBLU0069123,2
NISSAN MOTOR MANUFACTURING UK,FDCU0443082,2
LIGENTIA INTERNATIONAL LTD,PSSU3914382,2
MAERSK A/S,MSKU5845747,2
NISSAN MOTOR MANUFACTURING UK,NYKU9847443,2
NISSAN MOTOR MANUFACTURING UK,NYKU9706830,2
HINE FREIGHT SERVICES LIMITED,TCNU3462040,2
MAERSK A/S,MRKU4201537,2
DHL GLOBAL FORWARDING UK LTD,MRKU5234514,2
NISSAN MOTOR MANUFACTURING UK,FSCU8272405,2
NISSAN MOTOR MANUFACTURING UK,PONU8047268,2
NISSAN MOTOR MANUFACTURING UK,FSCU8277515,2
LIGENTIA INTERNATIONAL LTD,NEWU2143968,2
LIGENTIA INTERNATIONAL LTD,NEWU2143680,2
LIGENTIA INTERNATIONAL LTD,NEWU2143654,2
NISSAN MOTOR MANUFACTURING UK,FTAU1610862,2
DHL GLOBAL FORWARDING UK LTD,MRKU4782149,2
NISSAN MOTOR MANUFACTURING UK,GCXU2237057,2
NISSAN MOTOR MANUFACTURING UK,GCXU2264896,2
J BARBOUR AND SONS LTD,CMAU7222853,2
J BARBOUR AND SONS LTD,ECMU4614051,2
NISSAN MOTOR MANUFACTURING UK,NYKU0799128,2
NISSAN MOTOR MANUFACTURING UK,NYKU0799051,2
LIGENTIA INTERNATIONAL LTD,IKSU2551864,2
KEITH SPICER LTD,FANU1125586,2
REGENCY FREIGHT SERVICES LTD,TCLU7383614,2
LIGENTIA INTERNATIONAL LTD,NEWU2144162,2
OCN (BATTERY PLANT),FCIU9765686,2
LIGENTIA INTERNATIONAL LTD,PSSU3926280,2
LIGENTIA INTERNATIONAL LTD,PSSU3933124,2
LIGENTIA INTERNATIONAL LTD,SAZU4009213,2
LIGENTIA INTERNATIONAL LTD,SAZU4009189,2
NISSAN MOTOR MANUFACTURING UK,SUDU8654286,2
LIGENTIA INTERNATIONAL LTD,SAZU4009173,2
MAERSK A/S,MRKU3575091,2
NISSAN MOTOR MANUFACTURING UK,SUDU8576877,2
NISSAN MOTOR MANUFACTURING UK,SUDU8575145,2
NISSAN MOTOR MANUFACTURING UK,CAAU6426733,2
NISSAN MOTOR MANUFACTURING UK,SUDU8094664,2
HILLEBRAND BULK LOGISTICS,TGBU2356260,2
NISSAN MOTOR MANUFACTURING UK,SUDU7540273,2
HILLEBRAND BULK LOGISTICS,TLLU2297912,2
DHL GLOBAL FORWARDING UK LTD,TCKU6729264,2
HILLEBRAND BULK LOGISTICS,TLLU2567561,2
LIGENTIA INTERNATIONAL LTD,PSSU3950501,2
NISSAN MOTOR MANUFACTURING UK,CAIU7315465,2
HILLEBRAND BULK LOGISTICS,UACU3732912,2
NISSAN MOTOR MANUFACTURING UK,SEGU4991967,2
NISSAN MOTOR MANUFACTURING UK,SEKU4458382,2
NISSAN MOTOR MANUFACTURING UK,SEKU4606047,2
NISSAN MOTOR MANUFACTURING UK,DFSU6664192,2
MAERSK A/S,MRKU4101564,2
NISSAN MOTOR MANUFACTURING UK,DFSU1253692,2
LIGENTIA INTERNATIONAL LTD,CLVU2404969,2
NISSAN MOTOR MANUFACTURING UK,SEKU4697710,2
NISSAN MOTOR MANUFACTURING UK,SUDU5603325,2
NISSAN MOTOR MANUFACTURING UK,SUDU5834577,2
NISSAN MOTOR MANUFACTURING UK,SUDU5945204,2
HILLEBRAND BULK LOGISTICS,UACU3966253,2
HILLEBRAND BULK LOGISTICS,UACU3738802,2
MAERSK A/S,MRKU3742305,2
HILLEBRAND BULK LOGISTICS,UETU2781563,2
REGENCY FREIGHT SERVICES LTD,TCLU7943468,2
NISSAN MOTOR MANUFACTURING UK,GESU5786140,2
REGENCY FREIGHT SERVICES LTD,TEMU8281928,2
NISSAN MOTOR MANUFACTURING UK,MSKU8426929,2
KOMATSU UK LTD (CON),CSNU8497660,2
KOMATSU UK LTD (CON),CXDU1240650,2
NISSAN MOTOR MANUFACTURING UK,HASU4742051,2
NISSAN MOTOR MANUFACTURING UK,HASU4758844,2
LIGENTIA INTERNATIONAL LTD,CLVU6120359,2
KOMATSU UK LTD (CON),FFAU1843851,2
NISSAN MOTOR MANUFACTURING UK,HASU4982406,2
NISSAN MOTOR MANUFACTURING UK,MSKU7010979,2
NISSAN MOTOR MANUFACTURING UK,MSKU5965362,2
KOMATSU UK LTD (CON),MOTU0731437,2
NISSAN MOTOR MANUFACTURING UK,MSKU5185263,2
NISSAN MOTOR MANUFACTURING UK,MSKU4472870,2
NISSAN MOTOR MANUFACTURING UK,HASU5201452,2
KOMATSU UK LTD (CON),MRKU0084601,2
NISSAN MOTOR MANUFACTURING UK,MSKU1884046,2
NISSAN MOTOR MANUFACTURING UK,HLBU2163763,2
KOMATSU UK LTD (CON),MRKU0975601,2
KOMATSU UK LTD (CON),MRKU0754719,2
KOMATSU UK LTD (CON),MRKU0635258,2
MAERSK A/S,MRKU7594422,2
KOMATSU UK LTD (CON),MRKU0499871,2
VIPA LAUSANNE SA,MRKU3575091,2
NISSAN MOTOR MANUFACTURING UK,MSKU9955995,2
NISSAN MOTOR MANUFACTURING UK,MSKU1402020,2
VIPA LAUSANNE SA,MRKU2763047,2
VIPA LAUSANNE SA,HASU4354858,2
NISSAN MOTOR MANUFACTURING UK,MSKU1540924,2
KOMATSU UK LTD (CON),MRKU0181915,2
NISSAN MOTOR MANUFACTURING UK,MSKU1751850,2
NISSAN MOTOR MANUFACTURING UK,HLBU9072773,2
LIGENTIA INTERNATIONAL LTD,CLVU6024519,2
NISSAN MOTOR MANUFACTURING UK,HASU4631042,2
NISSAN MOTOR MANUFACTURING UK,MSKU8431653,2
NISSAN MOTOR MANUFACTURING UK,HASU4559056,2
NISSAN MOTOR MANUFACTURING UK,HASU4183842,2
LIGENTIA INTERNATIONAL LTD,GATU1051249,2
NISSAN MOTOR MANUFACTURING UK,MSKU9505004,2
NISSAN MOTOR MANUFACTURING UK,MSKU9555915,2
UNIEXPRESS LIMITED,FCIU8744061,2
KERRY LOGISTICS (UK) LTD,TGHU3750310,2
MAERSK A/S,MSKU3500854,2
DHL GLOBAL FORWARDING UK LTD,MRKU2763047,2
LIGENTIA INTERNATIONAL LTD,GESU5945621,2
MAERSK A/S,MSKU4472870,2
LIGENTIA INTERNATIONAL LTD,HJMU2135097,2
REUDAN INTERNATIONAL,SEGU5047479,2
LIGENTIA INTERNATIONAL LTD,IKSU2551421,2
NISSAN MOTOR MANUFACTURING UK,MSKU9935371,2
NISSAN MOTOR MANUFACTURING UK,MSKU9759077,2
NISSAN MOTOR MANUFACTURING UK,MSKU9358285,2
NISSAN MOTOR MANUFACTURING UK,MSKU9457591,2
NISSAN MOTOR MANUFACTURING UK,MSKU9260093,2
MAERSK A/S,MSKU3734338,2
DHL GLOBAL FORWARDING UK LTD,MEDU7592270,2
VIPA LAUSANNE SA,CAAU6426733,2
KOMATSU UK LTD (CON),BEAU4448958,2
NISSAN MOTOR MANUFACTURING UK,MSKU8836116,2
KOMATSU UK LTD (C/S),MSKU6668970,2
KOMATSU UK LTD (C/S),TGBU4107163,2
NISSAN MOTOR MANUFACTURING UK,HASU4410294,2
LIGENTIA INTERNATIONAL LTD,CPWU2344161,2
KOMATSU UK LTD (C/S),PONU1895652,2
LIGENTIA INTERNATIONAL LTD,CPWU2344198,2
NISSAN MOTOR MANUFACTURING UK,HASU4354858,2
RAW MINERALS B.V.,BEAU2009175,2
OCEAN NETWORK EXPRESS PTE LTD,TLLU6036368,3
NISSAN TRADING EUROPE LTD,TEMU6982370,3
MAERSK A/S,SUDU7493736,3
OCEAN NETWORK EXPRESS PTE LTD,TRLU9314268,3
MAERSK A/S,SUDU5963358,3
MAERSK A/S,MRKU8843242,3
LIGENTIA INTERNATIONAL LTD,VICU0503340,3
NISSAN MOTOR MANUFACTURING UK,DFSU6197713,3
NISSAN MOTOR MANUFACTURING UK,DRYU9111538,3
LIGENTIA INTERNATIONAL LTD,PSSU3924518,3
NISSAN MOTOR MANUFACTURING UK,FFAU1497297,3
NISSAN MOTOR MANUFACTURING UK,NYKU4943568,3
NISSAN MOTOR MANUFACTURING UK,NYKU4701585,3
J BARBOUR AND SONS LTD,APHU6885452,3
LIGENTIA INTERNATIONAL LTD,IKSU2551798,3
NISSAN MOTOR MANUFACTURING UK,MSKU9989568,3
LIGENTIA INTERNATIONAL LTD,VICU0503356,3
NISSAN MOTOR MANUFACTURING UK,HASU1045135,3
NISSAN MOTOR MANUFACTURING UK,HASU1180876,3
LIGENTIA INTERNATIONAL LTD,CPWU2343993,3
NISSAN MOTOR MANUFACTURING UK,HASU4529600,3
LIGENTIA INTERNATIONAL LTD,COYU4150129,3
NISSAN MOTOR MANUFACTURING UK,MSKU1297352,3
KOMATSU UK LTD (CON),MRKU3743322,3
KUEHNE + NAGEL LTD,HLBU1276657,3
NISSAN MOTOR MANUFACTURING UK,MRKU3380037,3
NISSAN MOTOR MANUFACTURING UK,MRKU4646224,3
NISSAN MOTOR MANUFACTURING UK,MRKU5227686,3
KOMATSU UK LTD (CON),TGBU9719840,3
KOMATSU UK LTD (CON),TCNU6854430,3
NISSAN MOTOR MANUFACTURING UK,SUDU6629638,3
NISSAN MOTOR MANUFACTURING UK,MRKU2412253,3
NISSAN MOTOR MANUFACTURING UK,MRSU3835397,3
LIGENTIA INTERNATIONAL LTD,CLVU2402251,3
LIGENTIA INTERNATIONAL LTD,CLVU2402713,3
LIGENTIA INTERNATIONAL LTD,CLVU2404336,3
LIGENTIA INTERNATIONAL LTD,CLVU2404357,3
LIGENTIA INTERNATIONAL LTD,CLVU2404911,3
NISSAN MOTOR MANUFACTURING UK,MRKU6310856,3
HILLEBRAND BULK LOGISTICS,TLLU2549212,3
LIGENTIA INTERNATIONAL LTD,HLXU3019090,3
HILLEBRAND BULK LOGISTICS,FTAU1565207,3
HILLEBRAND BULK LOGISTICS,HLXU1196760,3
NISSAN MOTOR MANUFACTURING UK,TRHU4162020,3
NISSAN MOTOR MANUFACTURING UK,TEMU8734243,3
NISSAN MOTOR MANUFACTURING UK,CAAU6416972,3
NISSAN MOTOR MANUFACTURING UK,SUDU9203501,3
LIGENTIA INTERNATIONAL LTD,TCIU4258050,3
LIGENTIA INTERNATIONAL LTD,TITU8950651,3
LIGENTIA INTERNATIONAL LTD,VICU0502339,3
NISSAN MOTOR MANUFACTURING UK,BMOU4154881,3
NISSAN MOTOR MANUFACTURING UK,TLLU2431240,3
NISSAN MOTOR MANUFACTURING UK,TCKU7437987,3
LIGENTIA INTERNATIONAL LTD,TTMU1213345,3
LIGENTIA INTERNATIONAL LTD,TITU8950585,3
NISSAN MOTOR MANUFACTURING UK,TCNU8210441,4
LIGENTIA INTERNATIONAL LTD,CLVU2404383,4
DHL GLOBAL FORWARDING UK LTD,CAAU5477660,4
NISSAN MOTOR MANUFACTURING UK,MRSU4560165,4
LIGENTIA INTERNATIONAL LTD,CLVU2404491,4
VIPA LAUSANNE SA,MRSU4229753,4
NISSAN MOTOR MANUFACTURING UK,TCNU8034316,4
MAERSK A/S,MSKU1304261,4
KOMATSU UK LTD (CON),ONEU0022480,4
NISSAN MOTOR MANUFACTURING UK,TGBU5316682,4
NISSAN MOTOR MANUFACTURING UK,SUDU6919262,4
KOMATSU UK LTD (CON),PONU1511000,4
NISSAN MOTOR MANUFACTURING UK,MRSU0275771,4
NISSAN MOTOR MANUFACTURING UK,MRKU8023990,4
NISSAN MOTOR MANUFACTURING UK,MRKU6269752,4
NISSAN MOTOR MANUFACTURING UK,MRKU5417161,4
NISSAN MOTOR MANUFACTURING UK,TRHU4041964,4
KOMATSU UK LTD (CON),TRHU4403180,4
KOMATSU UK LTD (CON),TRHU6470994,4
NISSAN MOTOR MANUFACTURING UK,MRKU4640566,4
MAERSK A/S,MRKU9359886,4
NISSAN MOTOR MANUFACTURING UK,MRKU4541922,4
NISSAN MOTOR MANUFACTURING UK,MRKU4332877,4
HELLMANN WORLDWIDE LOGISTICS,MSKU3115457,4
NISSAN MOTOR MANUFACTURING UK,MRSU3498450,4
KOMATSU UK LTD (CON),MRKU4454957,4
NISSAN MOTOR MANUFACTURING UK,MSKU0594989,4
OCEAN NETWORK EXPRESS PTE LTD,NYKU4914657,4
NISSAN MOTOR MANUFACTURING UK,MSKU9941815,4
NISSAN MOTOR MANUFACTURING UK,BEAU5753853,4
NISSAN MOTOR MANUFACTURING UK,TCKU7618199,4
NISSAN MOTOR MANUFACTURING UK,NYKU4914657,4
NISSAN MOTOR MANUFACTURING UK,NYKU4917553,4
HILLEBRAND BULK LOGISTICS,MRSU0275771,4
NISSAN MOTOR MANUFACTURING UK,MSKU9902315,4
NISSAN MOTOR MANUFACTURING UK,FFAU2283279,4
NISSAN MOTOR MANUFACTURING UK,TCKU7045013,4
DHL GLOBAL FORWARDING UK LTD,MRSU4229753,4
LIGENTIA INTERNATIONAL LTD,SAZU4009466,4
NISSAN MOTOR MANUFACTURING UK,SUDU8938261,4
NISSAN MOTOR MANUFACTURING UK,CAAU5477660,4
OCEAN NETWORK EXPRESS PTE LTD,TRHU4403180,4
NISSAN MOTOR MANUFACTURING UK,TCKU7075390,4
KOMATSU UK LTD (CON),MRKU3809482,4
REUDAN INTERNATIONAL,MRKU3809482,4
NISSAN MOTOR MANUFACTURING UK,TCLU5866470,4
NISSAN MOTOR MANUFACTURING UK,MSKU1203712,4
NISSAN MOTOR MANUFACTURING UK,TCNU7785729,4
NISSAN MOTOR MANUFACTURING UK,MSKU1536098,4
NISSAN MOTOR MANUFACTURING UK,GLDU9621859,4
NISSAN MOTOR MANUFACTURING UK,MSKU1538589,4
LIGENTIA INTERNATIONAL LTD,TCIU4258131,4
NISSAN MOTOR MANUFACTURING UK,CNIU1169000,4
OCEAN NETWORK EXPRESS PTE LTD,ONEU0022480,4
NISSAN MOTOR MANUFACTURING UK,MSKU9400364,4
VIPA LAUSANNE SA,TRHU4809060,4
NISSAN MOTOR MANUFACTURING UK,MSKU8529212,6
LIGENTIA INTERNATIONAL LTD,CPWU2344069,6
DHL GLOBAL FORWARDING UK LTD,MRSU5031269,6
KOMATSU UK LTD (CON),MRKU7895468,6
NISSAN MOTOR MANUFACTURING UK,TCNU8785430,6
NISSAN MOTOR MANUFACTURING UK,MSKU1329505,8
KOMATSU UK LTD (CON),MRKU2617530,8
VIPA LAUSANNE SA,MRKU2617530,8
